INSERT INTO passengers VALUES (478214179, 'Shawn', 'Brown', '1998-10-7', '8627 Ridgeview Court Oklahoma City OK 73112', 'Brown@gmail.com', '6173891360', 1680, 'Nigeria', 'm');
INSERT INTO passengers VALUES (303222304, 'Claire', 'Culver', '1979-4-7', '47 Belmont Avenue Palmetto FL 34221', 'Culver@gmail.com', '2924205362', 1876, 'Japan', 'f');
INSERT INTO passengers VALUES (351186141, 'Nathan', 'Hogan', '1993-1-19', '9702 Deerfield Lane Mount Pleasant SC 29464', 'Hogan@gmail.com', '7944644826', 499, 'Ethiopia', 'm');
INSERT INTO passengers VALUES (949771535, 'Ruth', 'Woodley', '1992-12-7', '55 Canterbury Avenue Tampa FL 33604', 'Woodley@gmail.com', '2553558249', 4956, 'Russia', 'f');
INSERT INTO passengers VALUES (682084454, 'Harvey', 'Luna', '1992-10-8', '33 Monroe St Deltona FL 32725', 'Luna@gmail.com', '2444615779', 2306, 'Philippines', 'm');
INSERT INTO passengers VALUES (231501919, 'James', 'Bond', '1976-3-1', '5 George Drive Columbia MD 21044', 'Mackiewicz@gmail.com', '1135819280', 2541, 'Vietnam', 'm');
INSERT INTO passengers VALUES (430146885, 'Herbert', 'Freuden', '1963-10-22', '7540 North Cottage Lane Mc Lean VA 22101', 'Freuden@gmail.com', '2959697780', 3153, 'Ethiopia', 'm');
INSERT INTO passengers VALUES (760608139, 'Margaret', 'Stewart', '1993-3-16', '63 Albany Lane Ridgecrest CA 93555', 'Stewart@gmail.com', '3680301404', 3790, 'Mexico', 'f');
INSERT INTO passengers VALUES (958840729, 'Jose', 'Gusler', '1971-6-6', '98 Jennings Court Oxford MS 38655', 'Gusler@gmail.com', '8449845573', 4879, 'Egypt', 'm');
INSERT INTO passengers VALUES (960414363, 'Ann', 'Woods', '1975-7-18', '7306 William St Syosset NY 11791', 'Woods@gmail.com', '2458264348', 921, 'Japan', 'f');
INSERT INTO passengers VALUES (473629310, 'Melissa', 'Bunal', '1950-2-12', '8269 Smith Store St Parsippany NJ 07054', 'Bunal@gmail.com', '9018614341', 1766, 'Japan', 'f');
INSERT INTO passengers VALUES (943140101, 'Andrew', 'Foster', '1989-9-10', '8597 East Princeton St South Richmond Hill NY 11419', 'Foster@gmail.com', '8929246590', 1506, 'Philippines', 'm');
INSERT INTO passengers VALUES (318336221, 'Patricia', 'Cabrera', '1950-10-25', '28 Ridgeview Dr Midlothian VA 23112', 'Cabrera@gmail.com', '1501912349', 4972, 'Mexico', 'f');
INSERT INTO passengers VALUES (596157741, 'Judith', 'Musso', '1980-2-23', '42 Tower Dr Great Falls MT 59404', 'Musso@gmail.com', '2726882525', 3571, 'Bangladesh', 'f');
INSERT INTO passengers VALUES (763497068, 'John', 'Perez', '1981-7-5', '72 Shipley St Marion NC 28752', 'Perez@gmail.com', '6414446548', 3136, 'India', 'm');
INSERT INTO passengers VALUES (492662288, 'Patricia', 'Dewitt', '1981-6-19', '7830 State Street Saint Charles IL 60174', 'Dewitt@gmail.com', '5359605559', 3643, 'Mexico', 'f');
INSERT INTO passengers VALUES (498436204, 'Dan', 'Caffey', '2000-3-10', '26 Fremont St Piedmont SC 29673', 'Caffey@gmail.com', '2790667781', 1555, 'Indonesia', 'm');
INSERT INTO passengers VALUES (619673808, 'Thelma', 'Chadwick', '1960-5-19', '739 South Bellevue Street Jacksonville NC 28540', 'Chadwick@gmail.com', '1439526039', 1748, 'China', 'f');
INSERT INTO passengers VALUES (353437728, 'John', 'Padgett', '1997-3-16', '843 Morris Ave Tiffin OH 44883', 'Padgett@gmail.com', '8416057463', 3999, 'Brazil', 'm');
INSERT INTO passengers VALUES (660400334, 'Richard', 'Legg', '1995-7-26', '738B Jackson Dr Wasilla AK 99654', 'Legg@gmail.com', '7023452714', 3575, 'United States', 'm');
INSERT INTO passengers VALUES (408010710, 'Edwin', 'Grubbs', '1965-6-12', '383 Rockville St Oconomowoc WI 53066', 'Grubbs@gmail.com', '9584711335', 741, 'Ethiopia', 'm');
INSERT INTO passengers VALUES (457816863, 'John', 'Wick', '1974-9-25', '9726 St Paul Ave Winona MN 55987', 'Wyman@gmail.com', '1315380828', 455, 'Vietnam', 'm');
INSERT INTO passengers VALUES (161486130, 'Christopher', 'Marlow', '1979-3-14', '9609 Edgemont St Rome NY 13440', 'Marlow@gmail.com', '2843372860', 3698, 'India', 'm');
INSERT INTO passengers VALUES (183765979, 'Thomas', 'Curry', '1958-11-17', '99 Smith Store Court Dundalk MD 21222', 'Curry@gmail.com', '7026046048', 2742, 'Bangladesh', 'm');
INSERT INTO passengers VALUES (601968127, 'John', 'Sunday', '1972-11-28', '9563 Cooper St Seattle WA 98144', 'Sunday@gmail.com', '3688602973', 2657, 'Brazil', 'm');
INSERT INTO passengers VALUES (431158433, 'Linda', 'Gallogly', '1985-3-5', '13 George Lane Dallas GA 30132', 'Gallogly@gmail.com', '7562629723', 2654, 'Indonesia', 'f');
INSERT INTO passengers VALUES (681487169, 'James', 'Wilkins', '1996-4-15', '39 South Fulton Drive Warminster PA 18974', 'Wilkins@gmail.com', '3576489875', 3954, 'Brazil', 'm');
INSERT INTO passengers VALUES (957773806, 'Jose', 'Tanner', '1958-3-14', '8534 Prospect Court Wellington FL 33414', 'Tanner@gmail.com', '3246304661', 1107, 'India', 'm');
INSERT INTO passengers VALUES (385989443, 'Denise', 'Wander', '1998-9-4', '303 Cypress Court Brooklyn NY 11201', 'Wander@gmail.com', '7501468873', 3365, 'United States', 'f');
INSERT INTO passengers VALUES (810576383, 'Raul', 'Dee', '1995-7-16', '24 Sussex Road Abingdon MD 21009', 'Dee@gmail.com', '6777637015', 2178, 'Vietnam', 'm');
INSERT INTO passengers VALUES (106937444, 'Christopher', 'Mayberry', '1956-5-9', '68 Iroquois St Eden Prairie MN 55347', 'Mayberry@gmail.com', '1790801072', 1607, 'Bangladesh', 'm');
INSERT INTO passengers VALUES (232317481, 'Shelley', 'Pate', '1956-2-4', '692 N Harvey Ave Calhoun GA 30701', 'Pate@gmail.com', '5561674943', 719, 'Philippines', 'f');
INSERT INTO passengers VALUES (239102885, 'Michael', 'Sullivan', '1994-4-24', '79 Lakewood Dr Danville VA 24540', 'Sullivan@gmail.com', '6525648580', 4626, 'Nigeria', 'm');
INSERT INTO passengers VALUES (269819238, 'Betty', 'Tyler', '1996-11-22', '926 Anderson Lane Tallahassee FL 32303', 'Tyler@gmail.com', '3564380798', 836, 'United States', 'f');
INSERT INTO passengers VALUES (394809018, 'Viola', 'Beardsley', '1959-6-6', '660 Kingston Drive Glendale AZ 85302', 'Beardsley@gmail.com', '6879819035', 345, 'Vietnam', 'f');
INSERT INTO passengers VALUES (322240987, 'George', 'Congdon', '1985-7-17', '7343 San Juan St New Bedford MA 02740', 'Congdon@gmail.com', '8891774138', 1625, 'Brazil', 'm');
INSERT INTO passengers VALUES (350129792, 'Jolene', 'Barnes', '1965-1-26', '904 Spring St Bear DE 19701', 'Barnes@gmail.com', '4631088165', 4784, 'Japan', 'f');
INSERT INTO passengers VALUES (551991674, 'Joseph', 'Price', '1962-2-21', '12 Selby Ave Mountain View CA 94043', 'Price@gmail.com', '5199658937', 428, 'Mexico', 'm');
INSERT INTO passengers VALUES (855839729, 'Charla', 'Cox', '1981-2-1', '32 Woodsman Ave Venice FL 34293', 'Cox@gmail.com', '9666764758', 2390, 'Vietnam', 'f');
INSERT INTO passengers VALUES (779225109, 'Jay', 'Mendoza', '1961-7-15', '317 Bayport Street Groton CT 06340', 'Mendoza@gmail.com', '3138749848', 1741, 'Mexico', 'm');
INSERT INTO passengers VALUES (663745152, 'Traci', 'Weber', '1979-2-11', '9031 S Beacon Drive Davenport IA 52804', 'Weber@gmail.com', '8666777312', 804, 'Nigeria', 'f');
INSERT INTO passengers VALUES (965775743, 'Marsha', 'Farrell', '1952-11-26', '9270 Winchester St Fort Mill SC 29708', 'Farrell@gmail.com', '1341260568', 4188, 'Brazil', 'f');
INSERT INTO passengers VALUES (790307021, 'James', 'Ferguson', '1997-10-24', '650 Johnson Ave New City NY 10956', 'Ferguson@gmail.com', '9716739884', 1850, 'India', 'm');
INSERT INTO passengers VALUES (181932285, 'Albert', 'Munoz', '1985-7-26', '74 W Johnson Road Sioux City IA 51106', 'Munoz@gmail.com', '2055097174', 2742, 'Egypt', 'm');
INSERT INTO passengers VALUES (504996932, 'Mauricio', 'Dipasquale', '1974-8-14', '178 Clark St Vernon Rockville CT 06066', 'Dipasquale@gmail.com', '4489587245', 2429, 'China', 'm');
INSERT INTO passengers VALUES (972960647, 'Houston', 'Allen', '1997-8-2', '9200 Locust Ave Brandon FL 33510', 'Allen@gmail.com', '2523043433', 2890, 'Ethiopia', 'm');
INSERT INTO passengers VALUES (131219232, 'Paul', 'Slavick', '1975-12-26', '7685 Cardinal Drive Mobile AL 36605', 'Slavick@gmail.com', '3580095722', 4161, 'Russia', 'm');
INSERT INTO passengers VALUES (948114413, 'Neil', 'Woll', '1957-5-19', '86 Griffin St Berwyn IL 60402', 'Woll@gmail.com', '8470462227', 4739, 'Philippines', 'm');
INSERT INTO passengers VALUES (922331848, 'Milton', 'Daniels', '1969-3-28', '9004 Jackson Ave Hopewell Junction NY 12533', 'Daniels@gmail.com', '5199736491', 2321, 'Ethiopia', 'm');
INSERT INTO passengers VALUES (291950102, 'Chuck', 'Zins', '1956-2-16', '5 Fairground Drive Morton Grove IL 60053', 'Zins@gmail.com', '1309470885', 653, 'China', 'm');
INSERT INTO aircrafts VALUES (231467149, 'Boeing 737', 351, '2017-6-21', '2018-11-6');
INSERT INTO aircrafts VALUES (221210703, 'Airbus A319', 365, '2003-8-20', '2019-10-4');
INSERT INTO aircrafts VALUES (655601836, 'Bombardier CRJ700', 143, '1996-9-24', '2018-7-17');
INSERT INTO aircrafts VALUES (236502299, 'Comac C919', 457, '1995-12-7', '2018-10-27');
INSERT INTO aircrafts VALUES (868269134, 'Boeing 777', 465, '2001-9-8', '2018-7-25');
INSERT INTO aircrafts VALUES (703147710, 'Boeing 787', 223, '2016-6-2', '2018-7-18');
INSERT INTO aircrafts VALUES (715892504, 'Boeing 747', 259, '2003-3-20', '2018-12-14');
INSERT INTO aircrafts VALUES (232381977, 'Boeing 767', 457, '2012-7-2', '2019-5-20');
INSERT INTO aircrafts VALUES (288854884, 'Airbus A220', 279, '2010-3-15', '2018-1-19');
INSERT INTO aircrafts VALUES (732740932, 'Ilyushin Il-96', 475, '1995-6-27', '2018-12-2');
INSERT INTO aircrafts VALUES (774679403, 'Sukhoi Superjet SSJ100', 171, '2009-4-8', '2018-12-2');
INSERT INTO aircrafts VALUES (445533695, 'Airbus A220', 207, '2015-4-8', '2018-4-24');
INSERT INTO aircrafts VALUES (572943696, 'Sukhoi Superjet SSJ100', 80, '2000-12-3', '2018-2-27');
INSERT INTO aircrafts VALUES (732320972, 'Boeing 787', 466, '1997-12-20', '2019-12-19');
INSERT INTO aircrafts VALUES (344707695, 'Boeing 767', 424, '2014-7-23', '2018-11-25');
INSERT INTO aircrafts VALUES (796846063, 'Comac C919', 481, '1996-6-26', '2018-4-9');
INSERT INTO aircrafts VALUES (134352372, 'Irkut MC-21', 238, '2009-1-19', '2019-3-6');
INSERT INTO aircrafts VALUES (173027828, 'Boeing 787', 70, '1996-7-5', '2018-7-15');
INSERT INTO aircrafts VALUES (977525671, 'Boeing 747', 104, '1996-1-22', '2019-12-24');
INSERT INTO aircrafts VALUES (311506103, 'Boeing 747', 101, '2005-12-20', '2019-9-15');
INSERT INTO trips VALUES (753708961, 732740932, 461, 'El Paso', '2019-10-9', '6:45:18', 'Seattle', '2019-10-9', '11:15:39', 53);
INSERT INTO trips VALUES (286343609, 221210703, 219, 'San Diego', '2019-8-25', '9:21:4', 'El Paso', '2019-8-25', '8:40:59', 56);
INSERT INTO trips VALUES (674585357, 221210703, 170, 'El Paso', '2019-8-14', '8:13:20', 'Jacksonville', '2019-8-14', '17:25:16', 11);
INSERT INTO trips VALUES (833503908, 774679403, 491, 'San Jose', '2019-6-16', '6:28:37', 'New York', '2019-6-16', '6:59:6', 46);
INSERT INTO trips VALUES (776385721, 796846063, 301, 'Philadelphia', '2019-7-14', '21:29:10', 'Phoenix', '2019-7-14', '13:23:22', 80);
INSERT INTO trips VALUES (367050131, 703147710, 80, 'Phoenix', '2019-8-22', '14:14:58', 'Nashville', '2019-8-22', '12:48:16', 13);
INSERT INTO trips VALUES (793811509, 236502299, 424, 'San Jose', '2019-5-11', '10:54:39', 'Jacksonville', '2019-5-11', '22:37:33', 23);
INSERT INTO trips VALUES (437251238, 134352372, 113, 'San Jose', '2019-5-5', '20:7:39', 'Detroit', '2019-5-5', '23:31:57', 41);
INSERT INTO trips VALUES (501363196, 868269134, 464, 'Indianapolis', '2019-10-18', '18:27:31', 'Denver', '2019-10-18', '22:28:0', 64);
INSERT INTO trips VALUES (412609639, 231467149, 459, 'Denver', '2019-11-5', '19:16:55', 'Dallas', '2019-11-5', '20:51:45', 25);
INSERT INTO trips VALUES (752835930, 221210703, 486, 'Nashville', '2019-5-2', '22:0:5', 'Detroit', '2019-5-2', '22:12:52', 54);
INSERT INTO trips VALUES (661240733, 221210703, 252, 'Fort Worth', '2019-7-8', '13:36:24', 'Indianapolis', '2019-7-8', '15:41:21', 94);
INSERT INTO trips VALUES (771566726, 715892504, 67, 'Jacksonville', '2019-5-14', '23:14:25', 'Dallas', '2019-5-14', '19:27:49', 42);
INSERT INTO trips VALUES (760275928, 732320972, 216, 'New York', '2019-3-27', '5:20:53', 'San Francisco', '2019-3-27', '13:37:10', 14);
INSERT INTO trips VALUES (322912495, 796846063, 154, 'Dallas', '2019-12-20', '11:39:20', 'Oklahoma City', '2019-12-20', '18:28:15', 33);
INSERT INTO trips VALUES (868443271, 311506103, 132, 'Phoenix', '2019-8-2', '14:34:40', 'New York', '2019-8-2', '21:47:55', 30);
INSERT INTO trips VALUES (184410687, 977525671, 212, 'Columbus', '2019-1-23', '20:42:31', 'Detroit', '2019-1-23', '22:41:51', 29);
INSERT INTO trips VALUES (604063911, 173027828, 411, 'Fort Worth', '2019-1-1', '19:58:36', 'Los Angeles', '2019-1-1', '23:46:2', 92);
INSERT INTO trips VALUES (304887678, 732320972, 292, 'San Jose', '2019-9-2', '3:35:50', 'Oklahoma City', '2019-9-2', '21:29:38', 42);
INSERT INTO trips VALUES (726545370, 774679403, 208, 'Philadelphia', '2019-8-4', '19:46:45', 'El Paso', '2019-8-4', '22:53:29', 25);
INSERT INTO trips VALUES (333331955, 231467149, 203, 'Denver', '2019-5-2', '20:20:36', 'Boston', '2019-5-2', '17:22:39', 61);
INSERT INTO trips VALUES (997041738, 774679403, 305, 'Chicago', '2019-7-2', '16:29:48', 'San Antonio', '2019-7-2', '21:6:6', 45);
INSERT INTO trips VALUES (187196352, 572943696, 135, 'San Diego', '2019-1-20', '20:40:48', 'Portland', '2019-1-20', '19:18:42', 35);
INSERT INTO trips VALUES (657825345, 796846063, 210, 'San Antonio', '2019-3-14', '17:11:59', 'San Francisco', '2019-3-14', '19:54:35', 99);
INSERT INTO trips VALUES (203684755, 703147710, 191, 'Philadelphia', '2019-4-5', '16:3:58', 'Boston', '2019-4-5', '22:34:5', 28);
INSERT INTO trips VALUES (826931066, 231467149, 210, 'Philadelphia', '2019-1-8', '7:21:5', 'Indianapolis', '2019-1-8', '16:17:5', 36);
INSERT INTO trips VALUES (756159110, 134352372, 214, 'Washington', '2019-12-21', '20:16:51', 'Houston', '2019-12-21', '20:15:51', 55);
INSERT INTO trips VALUES (112531270, 868269134, 447, 'Denver', '2019-1-8', '21:17:1', 'Washington', '2019-1-8', '23:53:4', 93);
INSERT INTO trips VALUES (426165324, 344707695, 80, 'Charlotte', '2019-3-10', '16:4:38', 'Dallas', '2019-3-10', '19:56:40', 73);
INSERT INTO trips VALUES (100266945, 572943696, 307, 'Oklahoma City', '2019-9-12', '13:28:22', 'Austin', '2019-9-12', '20:45:50', 58);
INSERT INTO trips VALUES (104305742, 221210703, 89, 'Charlotte', '2019-4-15', '9:21:9', 'Seattle', '2019-4-15', '11:1:30', 58);
INSERT INTO trips VALUES (594565564, 288854884, 242, 'Detroit', '2019-6-8', '15:27:22', 'Philadelphia', '2019-6-8', '22:48:42', 54);
INSERT INTO trips VALUES (585877260, 445533695, 53, 'Seattle', '2019-8-5', '22:18:29', 'San Diego', '2019-8-5', '21:25:3', 42);
INSERT INTO trips VALUES (942502419, 703147710, 234, 'Austin', '2019-11-21', '13:57:10', 'Nashville', '2019-11-21', '15:25:37', 30);
INSERT INTO trips VALUES (973699309, 221210703, 311, 'Austin', '2019-4-14', '21:55:39', 'Charlotte', '2019-4-14', '17:9:2', 37);
INSERT INTO trips VALUES (271289514, 732740932, 56, 'Phoenix', '2019-4-10', '22:25:38', 'New York', '2019-4-10', '19:6:56', 13);
INSERT INTO trips VALUES (790213924, 221210703, 353, 'San Jose', '2019-1-12', '23:59:31', 'Indianapolis', '2019-1-12', '22:16:50', 20);
INSERT INTO trips VALUES (741118619, 311506103, 67, 'Nashville', '2019-3-26', '16:27:22', 'Charlotte', '2019-3-26', '18:32:43', 79);
INSERT INTO trips VALUES (511399416, 445533695, 344, 'Portland', '2019-1-15', '17:36:59', 'Columbus', '2019-1-15', '16:24:13', 82);
INSERT INTO trips VALUES (551846609, 655601836, 480, 'Jacksonville', '2019-9-24', '22:2:23', 'El Paso', '2019-9-24', '23:7:27', 77);
INSERT INTO trips VALUES (741997138, 232381977, 277, 'Seattle', '2019-1-16', '22:50:23', 'San Francisco', '2019-1-16', '22:23:5', 84);
INSERT INTO trips VALUES (965314065, 231467149, 267, 'San Diego', '2019-3-10', '15:25:28', 'Nashville', '2019-3-10', '18:32:55', 54);
INSERT INTO trips VALUES (881998269, 703147710, 435, 'Houston', '2019-3-1', '21:36:57', 'New York', '2019-3-1', '22:34:42', 55);
INSERT INTO trips VALUES (122981805, 173027828, 472, 'Houston', '2019-9-16', '23:50:18', 'Boston', '2019-9-16', '4:55:27', 14);
INSERT INTO trips VALUES (555593154, 173027828, 368, 'Washington', '2019-5-28', '17:46:10', 'Houston', '2019-5-28', '10:50:52', 97);
INSERT INTO trips VALUES (404746032, 288854884, 296, 'San Jose', '2019-12-24', '16:29:7', 'Dallas', '2019-12-24', '10:9:32', 93);
INSERT INTO trips VALUES (789594010, 231467149, 288, 'Chicago', '2019-5-15', '14:55:17', 'Boston', '2019-5-15', '18:48:48', 31);
INSERT INTO trips VALUES (276625965, 232381977, 268, 'Denver', '2019-8-26', '7:58:42', 'Memphis', '2019-8-26', '13:43:19', 20);
INSERT INTO trips VALUES (839996300, 868269134, 159, 'Houston', '2019-8-23', '20:37:30', 'New York', '2019-8-23', '23:58:35', 44);
INSERT INTO trips VALUES (651193929, 774679403, 284, 'Chicago', '2019-3-16', '22:14:57', 'Houston', '2019-3-16', '5:19:49', 32);
INSERT INTO trips VALUES (155083454, 868269134, 413, 'Washington', '2019-2-2', '13:10:4', 'Jacksonville', '2019-2-2', '17:41:31', 10);
INSERT INTO trips VALUES (119936645, 232381977, 471, 'Phoenix', '2019-10-18', '16:19:30', 'Houston', '2019-10-18', '17:35:18', 78);
INSERT INTO trips VALUES (948834805, 715892504, 303, 'Jacksonville', '2019-8-9', '14:29:55', 'Fort Worth', '2019-8-9', '17:49:28', 38);
INSERT INTO trips VALUES (677393102, 868269134, 433, 'Houston', '2019-4-4', '19:23:18', 'San Diego', '2019-4-4', '17:59:25', 57);
INSERT INTO trips VALUES (901999909, 774679403, 465, 'Dallas', '2019-5-8', '21:1:9', 'Memphis', '2019-5-8', '18:23:9', 75);
INSERT INTO trips VALUES (522322746, 732740932, 467, 'San Antonio', '2019-11-19', '23:21:13', 'Philadelphia', '2019-11-19', '23:31:20', 68);
INSERT INTO trips VALUES (658980194, 977525671, 430, 'Memphis', '2019-7-17', '16:54:20', 'Washington', '2019-7-17', '18:26:41', 11);
INSERT INTO trips VALUES (711894210, 715892504, 305, 'Portland', '2019-3-26', '21:55:5', 'New York', '2019-3-26', '23:21:1', 72);
INSERT INTO trips VALUES (503194264, 231467149, 277, 'San Diego', '2019-9-17', '21:9:37', 'Denver', '2019-9-17', '19:31:54', 53);
INSERT INTO trips VALUES (457157505, 232381977, 320, 'Memphis', '2019-10-19', '14:9:32', 'Boston', '2019-10-19', '18:45:37', 38);
INSERT INTO trips VALUES (599223933, 231467149, 442, 'Philadelphia', '2019-5-28', '20:17:3', 'Memphis', '2019-5-28', '13:36:29', 73);
INSERT INTO trips VALUES (648160403, 344707695, 291, 'Los Angeles', '2019-10-6', '19:53:19', 'Chicago', '2019-10-6', '7:51:35', 85);
INSERT INTO trips VALUES (717993891, 977525671, 362, 'Seattle', '2019-11-16', '18:33:32', 'Denver', '2019-11-16', '18:3:38', 66);
INSERT INTO trips VALUES (152363337, 344707695, 67, 'Jacksonville', '2019-8-26', '14:48:46', 'San Antonio', '2019-8-26', '10:7:38', 77);
INSERT INTO trips VALUES (510050984, 732320972, 176, 'Dallas', '2019-4-10', '20:37:11', 'Columbus', '2019-4-10', '16:16:6', 36);
INSERT INTO trips VALUES (563101056, 134352372, 284, 'Chicago', '2019-9-25', '18:27:46', 'Boston', '2019-9-25', '17:13:55', 90);
INSERT INTO trips VALUES (722112250, 134352372, 301, 'Columbus', '2019-7-18', '22:42:10', 'Denver', '2019-7-18', '23:11:53', 51);
INSERT INTO trips VALUES (471455921, 732320972, 364, 'Oklahoma City', '2019-10-25', '17:44:7', 'Seattle', '2019-10-25', '6:32:23', 41);
INSERT INTO trips VALUES (569238758, 221210703, 247, 'Oklahoma City', '2019-5-20', '18:46:40', 'El Paso', '2019-5-20', '14:8:20', 69);
INSERT INTO trips VALUES (964009131, 868269134, 303, 'Washington', '2019-3-3', '21:23:51', 'Charlotte', '2019-3-3', '22:3:33', 68);
INSERT INTO trips VALUES (706660067, 231467149, 116, 'San Francisco', '2019-1-12', '12:27:48', 'Seattle', '2019-1-12', '17:39:24', 41);
INSERT INTO trips VALUES (151257956, 977525671, 469, 'Seattle', '2019-2-15', '18:19:12', 'El Paso', '2019-2-15', '10:2:39', 46);
INSERT INTO trips VALUES (678858653, 236502299, 227, 'Nashville', '2019-2-11', '22:9:57', 'Indianapolis', '2019-2-11', '19:38:8', 83);
INSERT INTO trips VALUES (212792649, 774679403, 241, 'Austin', '2019-10-17', '21:54:13', 'San Antonio', '2019-10-17', '22:59:10', 33);
INSERT INTO trips VALUES (658283583, 221210703, 338, 'Detroit', '2019-11-15', '3:33:49', 'Phoenix', '2019-11-15', '15:5:56', 68);
INSERT INTO trips VALUES (747939582, 703147710, 473, 'New York', '2019-11-1', '10:43:6', 'Philadelphia', '2019-11-1', '12:39:19', 35);
INSERT INTO trips VALUES (656256903, 732320972, 191, 'Indianapolis', '2019-12-24', '21:44:47', 'Los Angeles', '2019-12-24', '22:50:40', 28);
INSERT INTO trips VALUES (862034603, 311506103, 396, 'San Francisco', '2019-4-13', '13:7:53', 'Philadelphia', '2019-4-13', '20:15:54', 66);
INSERT INTO trips VALUES (942379025, 977525671, 234, 'San Antonio', '2019-10-9', '16:9:12', 'Nashville', '2019-10-9', '14:15:48', 91);
INSERT INTO trips VALUES (668864655, 655601836, 480, 'San Jose', '2019-2-9', '3:49:45', 'New York', '2019-2-9', '7:53:41', 79);
INSERT INTO trips VALUES (113091036, 311506103, 79, 'Indianapolis', '2019-11-25', '19:23:21', 'San Jose', '2019-11-25', '11:43:44', 61);
INSERT INTO trips VALUES (331684578, 655601836, 230, 'Dallas', '2019-5-26', '14:1:3', 'San Francisco', '2019-5-26', '22:12:28', 98);
INSERT INTO trips VALUES (836360355, 703147710, 130, 'Los Angeles', '2019-11-5', '21:27:32', 'Phoenix', '2019-11-5', '21:32:32', 51);
INSERT INTO trips VALUES (379826618, 173027828, 166, 'Indianapolis', '2019-8-26', '23:46:11', 'San Antonio', '2019-8-26', '23:46:7', 12);
INSERT INTO trips VALUES (290988447, 868269134, 340, 'Columbus', '2019-2-6', '17:30:48', 'Philadelphia', '2019-2-6', '21:13:13', 99);
INSERT INTO trips VALUES (672480243, 231467149, 413, 'Seattle', '2019-1-11', '5:47:15', 'Indianapolis', '2019-1-11', '19:19:11', 60);
INSERT INTO trips VALUES (321641067, 232381977, 90, 'Washington', '2019-3-8', '19:23:2', 'Chicago', '2019-3-8', '19:54:27', 20);
INSERT INTO trips VALUES (172833202, 221210703, 87, 'Oklahoma City', '2019-9-24', '23:50:9', 'Denver', '2019-9-24', '13:38:48', 16);
INSERT INTO trips VALUES (717601564, 445533695, 292, 'Detroit', '2019-10-26', '9:9:10', 'San Diego', '2019-10-26', '20:39:41', 17);
INSERT INTO trips VALUES (157799545, 311506103, 410, 'Indianapolis', '2019-10-23', '23:14:1', 'Los Angeles', '2019-10-23', '23:19:0', 46);
INSERT INTO trips VALUES (165944983, 311506103, 100, 'Seattle', '2019-4-27', '7:24:18', 'Indianapolis', '2019-4-27', '4:2:50', 94);
INSERT INTO trips VALUES (266374802, 796846063, 414, 'Charlotte', '2019-4-19', '20:43:35', 'New York', '2019-4-19', '23:4:16', 30);
INSERT INTO trips VALUES (502160820, 231467149, 488, 'San Jose', '2019-9-12', '23:43:4', 'El Paso', '2019-9-12', '23:25:20', 97);
INSERT INTO trips VALUES (600675137, 796846063, 433, 'Seattle', '2019-8-23', '17:44:7', 'Charlotte', '2019-8-23', '23:16:22', 49);
INSERT INTO trips VALUES (190637102, 231467149, 430, 'Houston', '2019-7-3', '14:19:24', 'New York', '2019-7-3', '9:24:44', 92);
INSERT INTO trips VALUES (552233702, 655601836, 269, 'Phoenix', '2019-10-22', '19:30:12', 'Jacksonville', '2019-10-22', '15:25:28', 21);
INSERT INTO trips VALUES (462307093, 732740932, 162, 'Los Angeles', '2019-3-7', '14:11:51', 'Houston', '2019-3-7', '17:13:52', 98);
INSERT INTO trips VALUES (747185303, 655601836, 237, 'Jacksonville', '2019-3-12', '7:35:59', 'Los Angeles', '2019-3-12', '8:39:5', 61);
INSERT INTO trips VALUES (962500243, 796846063, 341, 'Phoenix', '2019-1-18', '11:40:58', 'San Antonio', '2019-1-18', '14:0:48', 67);
INSERT INTO trips VALUES (482551465, 868269134, 219, 'Dallas', '2019-5-10', '4:25:48', 'San Diego', '2019-5-10', '5:21:36', 89);
INSERT INTO trips VALUES (322781233, 445533695, 209, 'Jacksonville', '2019-10-24', '21:26:40', 'New York', '2019-10-24', '4:28:50', 91);
INSERT INTO trips VALUES (865964166, 774679403, 151, 'Nashville', '2019-1-23', '23:22:32', 'El Paso', '2019-1-23', '20:45:56', 22);
INSERT INTO trips VALUES (248497739, 732740932, 109, 'Detroit', '2019-4-5', '14:30:43', 'Seattle', '2019-4-5', '7:6:35', 24);
INSERT INTO trips VALUES (999442666, 732740932, 288, 'San Francisco', '2019-9-16', '1:58:24', 'Denver', '2019-9-16', '6:15:35', 38);
INSERT INTO trips VALUES (280538264, 977525671, 477, 'Dallas', '2019-12-25', '12:7:32', 'Jacksonville', '2019-12-25', '18:58:2', 16);
INSERT INTO trips VALUES (312889680, 774679403, 434, 'Washington', '2019-9-4', '19:38:34', 'San Francisco', '2019-9-4', '20:11:7', 54);
INSERT INTO trips VALUES (474606055, 173027828, 63, 'Dallas', '2019-2-22', '20:29:22', 'Oklahoma City', '2019-2-22', '21:42:18', 78);
INSERT INTO trips VALUES (746886106, 572943696, 292, 'Portland', '2019-10-6', '10:49:53', 'Columbus', '2019-10-6', '23:13:14', 62);
INSERT INTO trips VALUES (291099993, 868269134, 353, 'Indianapolis', '2019-12-26', '21:29:24', 'Nashville', '2019-12-26', '21:8:7', 47);
INSERT INTO trips VALUES (844685885, 221210703, 235, 'El Paso', '2019-6-23', '12:58:19', 'San Antonio', '2019-6-23', '14:5:42', 21);
INSERT INTO trips VALUES (150457672, 231467149, 67, 'Philadelphia', '2019-7-4', '21:36:38', 'San Jose', '2019-7-4', '13:49:32', 56);
INSERT INTO trips VALUES (493624815, 868269134, 338, 'El Paso', '2019-11-1', '18:25:39', 'Detroit', '2019-11-1', '14:54:34', 95);
INSERT INTO trips VALUES (725369719, 232381977, 381, 'Memphis', '2019-9-27', '15:11:5', 'Phoenix', '2019-9-27', '12:14:38', 52);
INSERT INTO trips VALUES (534358742, 344707695, 86, 'New York', '2019-6-19', '16:42:7', 'El Paso', '2019-6-19', '23:10:22', 32);
INSERT INTO trips VALUES (701436821, 868269134, 235, 'El Paso', '2019-8-18', '23:53:10', 'San Antonio', '2019-8-18', '16:25:13', 63);
INSERT INTO trips VALUES (919381672, 715892504, 375, 'Portland', '2019-9-12', '23:42:44', 'San Diego', '2019-9-12', '13:2:20', 84);
INSERT INTO trips VALUES (433274927, 868269134, 141, 'Columbus', '2019-2-24', '21:23:16', 'Portland', '2019-2-24', '22:49:7', 15);
INSERT INTO trips VALUES (504078780, 288854884, 346, 'Jacksonville', '2019-3-25', '23:28:25', 'Washington', '2019-3-25', '16:52:40', 11);
INSERT INTO trips VALUES (484661180, 703147710, 389, 'Chicago', '2019-10-18', '23:28:14', 'Fort Worth', '2019-10-18', '21:24:14', 84);
INSERT INTO trips VALUES (293916006, 221210703, 288, 'Boston', '2019-7-27', '19:7:1', 'Chicago', '2019-7-27', '12:32:18', 22);
INSERT INTO trips VALUES (195535220, 703147710, 152, 'New York', '2019-10-12', '21:23:55', 'Memphis', '2019-10-12', '22:54:6', 66);
INSERT INTO trips VALUES (807529020, 977525671, 465, 'Oklahoma City', '2019-11-26', '23:45:58', 'Nashville', '2019-11-26', '20:5:19', 52);
INSERT INTO trips VALUES (367680976, 288854884, 163, 'Columbus', '2019-4-4', '11:58:2', 'Chicago', '2019-4-4', '15:9:22', 99);
INSERT INTO trips VALUES (117171726, 868269134, 349, 'San Antonio', '2019-2-11', '19:0:15', 'Seattle', '2019-2-11', '23:28:8', 48);
INSERT INTO trips VALUES (933887007, 732740932, 229, 'San Diego', '2019-3-19', '23:40:58', 'Nashville', '2019-3-19', '22:15:11', 53);
INSERT INTO trips VALUES (428687246, 231467149, 98, 'Phoenix', '2019-10-15', '17:39:18', 'Portland', '2019-10-15', '13:9:56', 31);
INSERT INTO trips VALUES (119168371, 774679403, 241, 'Dallas', '2019-2-18', '10:8:8', 'Columbus', '2019-2-18', '23:13:14', 37);
INSERT INTO trips VALUES (677473986, 732740932, 163, 'Chicago', '2019-1-8', '10:32:21', 'San Francisco', '2019-1-8', '7:12:17', 83);
INSERT INTO trips VALUES (373101218, 774679403, 296, 'Columbus', '2019-3-23', '23:8:28', 'Indianapolis', '2019-3-23', '22:53:58', 10);
INSERT INTO trips VALUES (504308655, 236502299, 473, 'Boston', '2019-4-28', '21:55:29', 'San Jose', '2019-4-28', '23:59:0', 76);
INSERT INTO trips VALUES (891814333, 977525671, 370, 'Memphis', '2019-11-18', '14:41:3', 'Phoenix', '2019-11-18', '23:16:18', 25);
INSERT INTO trips VALUES (521431640, 173027828, 150, 'Jacksonville', '2019-1-28', '12:58:46', 'Indianapolis', '2019-1-28', '13:57:52', 27);
INSERT INTO trips VALUES (548924961, 703147710, 223, 'El Paso', '2019-1-9', '21:55:39', 'Memphis', '2019-1-9', '23:29:54', 41);
INSERT INTO trips VALUES (678729001, 977525671, 95, 'Dallas', '2019-1-9', '12:30:50', 'San Francisco', '2019-1-9', '18:57:16', 79);
INSERT INTO trips VALUES (239394343, 655601836, 390, 'Austin', '2019-10-14', '23:6:42', 'Los Angeles', '2019-10-14', '22:45:57', 75);
INSERT INTO trips VALUES (433644436, 288854884, 397, 'Denver', '2019-1-7', '14:2:17', 'Boston', '2019-1-7', '8:21:21', 31);
INSERT INTO trips VALUES (901572059, 344707695, 394, 'Seattle', '2019-4-17', '14:13:21', 'Portland', '2019-4-17', '20:7:48', 38);
INSERT INTO trips VALUES (978939139, 445533695, 158, 'Houston', '2019-9-9', '21:25:40', 'San Francisco', '2019-9-9', '22:49:51', 19);
INSERT INTO trips VALUES (192455213, 796846063, 443, 'Nashville', '2019-1-11', '7:56:11', 'Dallas', '2019-1-11', '18:27:14', 28);
INSERT INTO trips VALUES (231101100, 796846063, 292, 'San Francisco', '2019-8-5', '17:23:28', 'Denver', '2019-8-5', '22:24:9', 29);
INSERT INTO trips VALUES (632311749, 445533695, 199, 'Houston', '2019-6-25', '16:28:32', 'Denver', '2019-6-25', '19:17:55', 50);
INSERT INTO trips VALUES (529374350, 173027828, 118, 'Portland', '2019-3-18', '22:31:32', 'San Jose', '2019-3-18', '13:20:29', 90);
INSERT INTO trips VALUES (445735387, 236502299, 90, 'Charlotte', '2019-12-19', '23:27:21', 'Chicago', '2019-12-19', '23:57:58', 73);
INSERT INTO trips VALUES (788735997, 173027828, 59, 'San Francisco', '2019-6-21', '22:14:38', 'San Diego', '2019-6-21', '23:58:39', 85);
INSERT INTO trips VALUES (123763776, 232381977, 218, 'Indianapolis', '2019-2-12', '22:14:53', 'San Diego', '2019-2-12', '1:32:9', 49);
INSERT INTO trips VALUES (574683585, 868269134, 160, 'Seattle', '2019-3-26', '11:39:15', 'Memphis', '2019-3-26', '16:58:21', 32);
INSERT INTO trips VALUES (109705452, 288854884, 141, 'New York', '2019-1-10', '22:50:8', 'Seattle', '2019-1-10', '4:46:55', 64);
INSERT INTO trips VALUES (125732117, 173027828, 222, 'Charlotte', '2019-10-6', '2:2:43', 'Austin', '2019-10-6', '12:22:17', 25);
INSERT INTO trips VALUES (322207036, 288854884, 163, 'Austin', '2019-11-19', '20:8:14', 'Washington', '2019-11-19', '23:52:18', 93);
INSERT INTO trips VALUES (181789940, 445533695, 156, 'Portland', '2019-10-6', '19:57:5', 'Portland', '2019-10-6', '16:51:5', 48);
INSERT INTO trips VALUES (758363207, 221210703, 386, 'San Diego', '2019-5-13', '21:50:3', 'Dallas', '2019-5-13', '20:27:28', 35);
INSERT INTO trips VALUES (800168400, 703147710, 304, 'Indianapolis', '2019-12-5', '18:29:40', 'El Paso', '2019-12-5', '20:8:37', 99);
INSERT INTO trips VALUES (730815339, 977525671, 489, 'Chicago', '2019-2-9', '23:2:16', 'Oklahoma City', '2019-2-9', '23:32:57', 95);
INSERT INTO trips VALUES (396723370, 221210703, 343, 'Jacksonville', '2019-4-18', '12:7:15', 'Charlotte', '2019-4-18', '11:0:5', 89);
INSERT INTO trips VALUES (694949513, 796846063, 85, 'San Antonio', '2019-8-14', '18:49:35', 'Houston', '2019-8-14', '12:3:45', 75);
INSERT INTO trips VALUES (579085737, 221210703, 211, 'San Antonio', '2019-3-8', '14:37:22', 'Portland', '2019-3-8', '16:16:41', 99);
INSERT INTO trips VALUES (892153651, 288854884, 430, 'New York', '2019-5-23', '23:21:40', 'Phoenix', '2019-5-23', '17:29:34', 40);
INSERT INTO trips VALUES (986570229, 868269134, 59, 'Boston', '2019-2-10', '11:26:17', 'Jacksonville', '2019-2-10', '6:12:23', 41);
INSERT INTO trips VALUES (786023939, 715892504, 480, 'Philadelphia', '2019-4-8', '22:36:33', 'Dallas', '2019-4-8', '11:4:43', 55);
INSERT INTO trips VALUES (322081448, 221210703, 246, 'Boston', '2019-6-22', '19:42:35', 'Philadelphia', '2019-6-22', '23:30:22', 93);
INSERT INTO trips VALUES (965509317, 221210703, 251, 'Houston', '2019-6-28', '15:43:25', 'Portland', '2019-6-28', '22:51:2', 96);
INSERT INTO trips VALUES (198562392, 732320972, 185, 'Portland', '2019-9-11', '9:4:46', 'Indianapolis', '2019-9-11', '16:17:6', 93);
INSERT INTO trips VALUES (212456164, 977525671, 186, 'Phoenix', '2019-5-1', '21:36:49', 'Seattle', '2019-5-1', '20:1:56', 16);
INSERT INTO trips VALUES (175754529, 572943696, 444, 'Detroit', '2019-6-1', '11:27:9', 'San Diego', '2019-6-1', '21:35:27', 49);
INSERT INTO trips VALUES (396050790, 231467149, 447, 'Dallas', '2019-2-2', '4:7:19', 'New York', '2019-2-2', '6:44:50', 74);
INSERT INTO trips VALUES (831057138, 732320972, 133, 'Los Angeles', '2019-1-8', '19:29:22', 'Houston', '2019-1-8', '19:16:9', 80);
INSERT INTO trips VALUES (383135055, 445533695, 377, 'New York', '2019-4-17', '11:19:3', 'Houston', '2019-4-17', '6:6:47', 60);
INSERT INTO trips VALUES (121849113, 774679403, 130, 'Los Angeles', '2019-4-10', '22:27:6', 'San Antonio', '2019-4-10', '23:22:45', 66);
INSERT INTO trips VALUES (979188599, 703147710, 470, 'San Jose', '2019-10-6', '17:6:58', 'Washington', '2019-10-6', '19:26:53', 98);
INSERT INTO trips VALUES (689749836, 236502299, 94, 'Detroit', '2019-10-22', '20:48:0', 'Philadelphia', '2019-10-22', '22:27:54', 29);
INSERT INTO trips VALUES (889392182, 868269134, 303, 'Columbus', '2019-11-20', '23:49:42', 'Nashville', '2019-11-20', '20:18:40', 22);
INSERT INTO trips VALUES (730667235, 715892504, 383, 'Los Angeles', '2019-6-28', '19:50:7', 'Austin', '2019-6-28', '23:20:0', 38);
INSERT INTO trips VALUES (347683134, 796846063, 498, 'Jacksonville', '2019-12-24', '21:56:38', 'Nashville', '2019-12-24', '23:29:36', 47);
INSERT INTO trips VALUES (634807890, 221210703, 101, 'Seattle', '2019-3-22', '23:40:8', 'Jacksonville', '2019-3-22', '22:33:1', 35);
INSERT INTO trips VALUES (104792513, 231467149, 325, 'Oklahoma City', '2019-2-15', '19:40:48', 'Memphis', '2019-2-15', '22:15:18', 52);
INSERT INTO trips VALUES (856753316, 796846063, 368, 'New York', '2019-3-24', '9:37:9', 'Seattle', '2019-3-24', '22:24:58', 47);
INSERT INTO trips VALUES (822157421, 572943696, 315, 'San Francisco', '2019-6-24', '12:47:12', 'New York', '2019-6-24', '23:39:27', 10);
INSERT INTO trips VALUES (952696288, 796846063, 85, 'San Antonio', '2019-8-21', '13:47:49', 'Nashville', '2019-8-21', '16:7:49', 91);
INSERT INTO trips VALUES (696840041, 134352372, 159, 'Washington', '2019-4-22', '19:7:47', 'Washington', '2019-4-22', '20:39:3', 66);
INSERT INTO trips VALUES (135452705, 232381977, 427, 'Portland', '2019-1-19', '20:43:48', 'Oklahoma City', '2019-1-19', '18:17:37', 50);
INSERT INTO trips VALUES (164111289, 977525671, 328, 'Jacksonville', '2019-10-5', '14:51:21', 'Indianapolis', '2019-10-5', '17:26:15', 40);
INSERT INTO trips VALUES (124593174, 311506103, 263, 'Philadelphia', '2019-6-19', '12:58:5', 'Portland', '2019-6-19', '9:9:56', 94);
INSERT INTO trips VALUES (839433140, 977525671, 144, 'Austin', '2019-9-19', '18:21:5', 'Dallas', '2019-9-19', '23:1:51', 67);
INSERT INTO trips VALUES (657644882, 221210703, 404, 'Charlotte', '2019-6-20', '17:42:15', 'Phoenix', '2019-6-20', '9:13:8', 89);
INSERT INTO trips VALUES (227165965, 796846063, 306, 'New York', '2019-6-25', '11:22:16', 'San Diego', '2019-6-25', '18:20:5', 40);
INSERT INTO trips VALUES (311554096, 134352372, 270, 'Los Angeles', '2019-10-27', '23:24:47', 'Philadelphia', '2019-10-27', '22:31:1', 76);
INSERT INTO trips VALUES (250747938, 868269134, 64, 'Detroit', '2019-1-19', '20:1:55', 'Portland', '2019-1-19', '18:57:25', 60);
INSERT INTO trips VALUES (376974345, 868269134, 474, 'Washington', '2019-6-28', '21:16:16', 'Seattle', '2019-6-28', '12:6:46', 77);
INSERT INTO trips VALUES (386400893, 715892504, 263, 'Nashville', '2019-11-1', '8:3:0', 'Jacksonville', '2019-11-1', '9:16:13', 20);
INSERT INTO trips VALUES (134696844, 173027828, 350, 'Detroit', '2019-9-13', '8:57:26', 'Washington', '2019-9-13', '5:17:31', 16);
INSERT INTO trips VALUES (900517046, 868269134, 216, 'Fort Worth', '2019-11-1', '22:52:33', 'Charlotte', '2019-11-1', '23:57:15', 98);
INSERT INTO trips VALUES (529661099, 715892504, 411, 'Dallas', '2019-4-27', '23:30:5', 'San Diego', '2019-4-27', '16:33:33', 30);
INSERT INTO trips VALUES (582351236, 221210703, 195, 'Indianapolis', '2019-3-17', '23:12:24', 'Fort Worth', '2019-3-17', '21:16:20', 40);
INSERT INTO trips VALUES (707670980, 796846063, 315, 'Phoenix', '2019-6-23', '11:59:9', 'Oklahoma City', '2019-6-23', '10:30:0', 90);
INSERT INTO trips VALUES (441512719, 221210703, 342, 'San Jose', '2019-3-25', '22:12:13', 'Boston', '2019-3-25', '22:53:34', 84);
INSERT INTO trips VALUES (551648538, 732320972, 261, 'Denver', '2019-9-7', '17:34:40', 'Detroit', '2019-9-7', '13:1:40', 93);
INSERT INTO trips VALUES (441151590, 868269134, 326, 'New York', '2019-7-7', '6:30:48', 'Portland', '2019-7-7', '5:43:40', 36);
INSERT INTO trips VALUES (494523128, 868269134, 77, 'Boston', '2019-4-8', '19:58:38', 'El Paso', '2019-4-8', '21:37:50', 26);
INSERT INTO trips VALUES (862514933, 232381977, 277, 'Washington', '2019-1-19', '13:56:25', 'Austin', '2019-1-19', '21:17:57', 19);
INSERT INTO trips VALUES (254876469, 703147710, 493, 'Boston', '2019-9-13', '17:56:32', 'Washington', '2019-9-13', '11:51:49', 64);
INSERT INTO departments VALUES (775967099, 'Breland Hall', 'General');
INSERT INTO departments VALUES (733189347, 'Domenici Hall', 'Marketing');
INSERT INTO departments VALUES (338343330, 'Hernandez Hall', 'Operations');
INSERT INTO departments VALUES (751132359, 'Foster Hall', 'Finance');
INSERT INTO departments VALUES (476171779, 'Garcia Hall', 'Sales');
INSERT INTO departments VALUES (806175825, 'Gardiner Hall', 'HR');
INSERT INTO departments VALUES (466981997, 'Knox Hall', 'Purchase');
INSERT INTO staff VALUES (473287624, 'Gabriella', 'Hardy', '1999-8-16', '8627 Ridgeview Court Oklahoma City OK 73112', 'Hardy@gmail.com', '8284619481', 'f', 146953, 476171779, '2012-11-19', 'treasurer' );
INSERT INTO staff VALUES (974859158, 'Helen', 'Wackerly', '1954-9-17', '47 Belmont Avenue Palmetto FL 34221', 'Wackerly@gmail.com', '9504428579', 'f', 107518, 338343330, '2013-12-11', 'secretary' );
INSERT INTO staff VALUES (637687934, 'Donna', 'Ochoa', '1972-1-8', '9702 Deerfield Lane Mount Pleasant SC 29464', 'Ochoa@gmail.com', '6354277875', 'f', 117311, 806175825, '2003-3-15', 'manager' );
INSERT INTO staff VALUES (138616236, 'Miguel', 'Rohr', '1974-7-28', '55 Canterbury Avenue Tampa FL 33604', 'Rohr@gmail.com', '6540572284', 'm', 146761, 751132359, '2008-3-24', 'manager' );
INSERT INTO staff VALUES (193514918, 'Kara', 'Leon', '1959-7-19', '33 Monroe St Deltona FL 32725', 'Leon@gmail.com', '3110289816', 'f', 92531, 338343330, '2011-8-10', 'treasurer' );
INSERT INTO staff VALUES (836248205, 'John', 'Luciano', '1986-4-26', '5 George Drive Columbia MD 21044', 'Luciano@gmail.com', '9187653183', 'm', 85815, 466981997, '2003-4-10', 'operator' );
INSERT INTO staff VALUES (368590649, 'Tracy', 'Wirth', '1978-10-5', '7540 North Cottage Lane Mc Lean VA 22101', 'Wirth@gmail.com', '9385854373', 'f', 21447, 476171779, '2015-9-21', 'operator' );
INSERT INTO staff VALUES (751666660, 'Don', 'Sewell', '1971-11-28', '63 Albany Lane Ridgecrest CA 93555', 'Sewell@gmail.com', '1152205521', 'm', 139739, 476171779, '2008-12-9', 'secretary' );
INSERT INTO staff VALUES (333468370, 'Adam', 'Jones', '1971-1-11', '98 Jennings Court Oxford MS 38655', 'Jones@gmail.com', '3221049435', 'm', 30522, 806175825, '2007-3-9', 'operator' );
INSERT INTO staff VALUES (164569665, 'Virginia', 'Ward', '1997-10-25', '7306 William St Syosset NY 11791', 'Ward@gmail.com', '1209789083', 'f', 83710, 466981997, '2014-1-8', 'secretary' );
INSERT INTO staff VALUES (454916808, 'Mary', 'Bohannon', '1957-1-1', '8269 Smith Store St Parsippany NJ 07054', 'Bohannon@gmail.com', '9411222472', 'f', 56612, 733189347, '2001-7-21', 'secretary' );
INSERT INTO staff VALUES (448422673, 'Kevin', 'Conley', '1989-12-17', '8597 East Princeton St South Richmond Hill NY 11419', 'Conley@gmail.com', '9511820806', 'm', 11307, 775967099, '2010-2-7', 'operator' );
INSERT INTO staff VALUES (924872699, 'James', 'Ellis', '1973-7-14', '28 Ridgeview Dr Midlothian VA 23112', 'Ellis@gmail.com', '1018351159', 'm', 68404, 476171779, '2002-7-22', 'manager' );
INSERT INTO staff VALUES (370555600, 'Josephine', 'Austell', '1955-10-8', '42 Tower Dr Great Falls MT 59404', 'Austell@gmail.com', '5252465157', 'f', 60537, 751132359, '2013-4-24', 'operator' );
INSERT INTO staff VALUES (648060877, 'Gloria', 'Brown', '1984-1-9', '72 Shipley St Marion NC 28752', 'Brown@gmail.com', '5614778190', 'f', 75881, 466981997, '2011-8-11', 'treasurer' );
INSERT INTO staff VALUES (180977451, 'Antoinette', 'Piper', '1968-2-14', '7830 State Street Saint Charles IL 60174', 'Piper@gmail.com', '5024955218', 'f', 56496, 775967099, '2003-4-12', 'manager' );
INSERT INTO staff VALUES (621829702, 'Richard', 'Dender', '2000-12-3', '26 Fremont St Piedmont SC 29673', 'Dender@gmail.com', '4716679317', 'm', 43978, 476171779, '2012-4-13', 'secretary' );
INSERT INTO staff VALUES (413753203, 'Patricia', 'Holland', '1959-11-1', '739 South Bellevue Street Jacksonville NC 28540', 'Holland@gmail.com', '8517213413', 'f', 28530, 466981997, '2005-4-27', 'operator' );
INSERT INTO staff VALUES (239502042, 'Ronald', 'Ruth', '1979-6-6', '843 Morris Ave Tiffin OH 44883', 'Ruth@gmail.com', '3637109879', 'm', 67855, 466981997, '2010-7-23', 'operator' );
INSERT INTO staff VALUES (658136685, 'Ralph', 'Bradshaw', '1953-2-1', '738B Jackson Dr Wasilla AK 99654', 'Bradshaw@gmail.com', '7160929478', 'm', 99954, 733189347, '2001-6-18', 'secretary' );
INSERT INTO pilots VALUES (453088807, 'Kelly', 'Murphy', '1973-8-17', '8627 Ridgeview Court Oklahoma City OK 73112', 'Murphy@gmail.com', '3472785418', 'f', 76308, '2006-9-17', 3, 'Second Officer' );
INSERT INTO pilots VALUES (590915855, 'Parth', 'Nagarkar', '1967-9-28', '47 Belmont Avenue Palmetto FL 34221', 'Knight@gmail.com', '6870211339', 'm', 52905, '2013-4-2', 9, 'Senior First Officer' );
INSERT INTO pilots VALUES (668038394, 'Richard', 'Evanich', '1953-7-22', '9702 Deerfield Lane Mount Pleasant SC 29464', 'Evanich@gmail.com', '7174885717', 'm', 138182, '2004-7-17', 2, 'Second Officer' );
INSERT INTO pilots VALUES (341170890, 'Carolyn', 'Fortier', '1955-12-2', '55 Canterbury Avenue Tampa FL 33604', 'Fortier@gmail.com', '5824940693', 'f', 40166, '2014-6-8', 10, 'Captain' );
INSERT INTO pilots VALUES (656038066, 'Virginia', 'Wollenberg', '1984-10-8', '33 Monroe St Deltona FL 32725', 'Wollenberg@gmail.com', '8130364772', 'f', 39450, '2013-1-1', 2, 'Second Officer' );
INSERT INTO pilots VALUES (798724355, 'Victor', 'Hilliard', '1989-9-11', '5 George Drive Columbia MD 21044', 'Hilliard@gmail.com', '2643199657', 'm', 79705, '2013-6-18', 10, 'Captain' );
INSERT INTO pilots VALUES (259817155, 'Maria', 'Mendelson', '1976-11-1', '7540 North Cottage Lane Mc Lean VA 22101', 'Mendelson@gmail.com', '3171334073', 'f', 86384, '2009-12-26', 5, 'First Officer' );
INSERT INTO pilots VALUES (929414228, 'Pearl', 'Brown', '1952-3-11', '63 Albany Lane Ridgecrest CA 93555', 'Brown@gmail.com', '3222453401', 'f', 128704, '2008-12-7', 7, 'First Officer' );
INSERT INTO pilots VALUES (133844376, 'Graciela', 'Riherd', '1952-9-11', '98 Jennings Court Oxford MS 38655', 'Riherd@gmail.com', '3730346095', 'f', 121485, '2006-5-13', 1, 'Second Officer' );
INSERT INTO pilots VALUES (179223440, 'Bernard', 'Hess', '1972-4-9', '7306 William St Syosset NY 11791', 'Hess@gmail.com', '5242316669', 'm', 27086, '2000-10-2', 9, 'Senior First Officer' );
INSERT INTO pilots VALUES (827921461, 'Renetta', 'Schmidt', '1995-9-20', '8269 Smith Store St Parsippany NJ 07054', 'Schmidt@gmail.com', '9282672389', 'f', 61293, '2015-12-1', 5, 'First Officer' );
INSERT INTO pilots VALUES (751648319, 'Georgianna', 'Brown', '1956-6-23', '8597 East Princeton St South Richmond Hill NY 11419', 'Brown@gmail.com', '2586789745', 'f', 95234, '2011-4-1', 2, 'Second Officer' );
INSERT INTO pilots VALUES (829774749, 'Deborah', 'Hershberger', '1966-11-15', '28 Ridgeview Dr Midlothian VA 23112', 'Hershberger@gmail.com', '5118025312', 'f', 24199, '2015-2-7', 1, 'Second Officer' );
INSERT INTO pilots VALUES (361543027, 'Christie', 'Ledbetter', '1988-9-15', '42 Tower Dr Great Falls MT 59404', 'Ledbetter@gmail.com', '2037981408', 'f', 34628, '2009-10-18', 3, 'Second Officer' );
INSERT INTO pilots VALUES (280876047, 'Brandi', 'Piper', '1972-6-27', '72 Shipley St Marion NC 28752', 'Piper@gmail.com', '2211017930', 'f', 10160, '2012-1-21', 10, 'Captain' );
INSERT INTO pilots VALUES (204428241, 'Brent', 'Cain', '1957-8-25', '7830 State Street Saint Charles IL 60174', 'Cain@gmail.com', '7597817035', 'm', 41715, '2010-1-28', 6, 'First Officer' );
INSERT INTO pilots VALUES (751164878, 'Rodney', 'Duncan', '1996-3-2', '26 Fremont St Piedmont SC 29673', 'Duncan@gmail.com', '1532446388', 'm', 65995, '2001-11-22', 5, 'First Officer' );
INSERT INTO pilots VALUES (684108655, 'Sheba', 'Hale', '1982-5-22', '739 South Bellevue Street Jacksonville NC 28540', 'Hale@gmail.com', '6431701439', 'f', 140598, '2000-10-9', 2, 'Second Officer' );
INSERT INTO pilots VALUES (631060575, 'Dorothy', 'Gorman', '1968-6-19', '843 Morris Ave Tiffin OH 44883', 'Gorman@gmail.com', '5123305208', 'f', 113020, '2003-11-16', 2, 'Second Officer' );
INSERT INTO pilots VALUES (650589160, 'Robert', 'Larocque', '1966-8-3', '738B Jackson Dr Wasilla AK 99654', 'Larocque@gmail.com', '2268703691', 'm', 78985, '2012-6-27', 8, 'Senior First Officer' );
INSERT INTO booking VALUES (965775743, 271289514, '2019-10-1', '16:23:15');
INSERT INTO booking VALUES (779225109, 135452705, '2019-7-14', '0:14:49');
INSERT INTO booking VALUES (790307021, 276625965, '2019-11-24', '19:36:1');
INSERT INTO booking VALUES (322240987, 752835930, '2019-3-11', '12:42:5');
INSERT INTO booking VALUES (760608139, 836360355, '2019-7-7', '11:46:32');
INSERT INTO booking VALUES (492662288, 322081448, '2019-11-1', '0:4:39');
INSERT INTO booking VALUES (551991674, 504308655, '2019-11-11', '8:35:21');
INSERT INTO booking VALUES (949771535, 555593154, '2019-8-16', '8:39:59');
INSERT INTO booking VALUES (239102885, 441512719, '2019-7-8', '7:41:55');
INSERT INTO booking VALUES (131219232, 433274927, '2019-7-2', '7:6:0');
INSERT INTO booking VALUES (596157741, 123763776, '2019-4-4', '0:22:49');
INSERT INTO booking VALUES (682084454, 286343609, '2019-10-6', '14:45:25');
INSERT INTO booking VALUES (660400334, 747939582, '2019-11-17', '23:42:22');
INSERT INTO booking VALUES (291950102, 678729001, '2019-9-20', '14:38:36');
INSERT INTO booking VALUES (551991674, 192455213, '2019-8-17', '2:37:16');
INSERT INTO booking VALUES (948114413, 119168371, '2019-6-1', '23:43:32');
INSERT INTO booking VALUES (810576383, 862034603, '2019-11-3', '11:0:14');
INSERT INTO booking VALUES (948114413, 651193929, '2019-2-20', '19:58:31');
INSERT INTO booking VALUES (682084454, 862034603, '2019-3-21', '1:24:15');
INSERT INTO booking VALUES (855839729, 511399416, '2019-2-1', '0:56:49');
INSERT INTO booking VALUES (960414363, 701436821, '2019-10-13', '12:51:15');
INSERT INTO booking VALUES (551991674, 482551465, '2019-4-6', '3:55:37');
INSERT INTO booking VALUES (601968127, 836360355, '2019-3-2', '9:26:55');
INSERT INTO booking VALUES (394809018, 150457672, '2019-12-27', '18:7:51');
INSERT INTO booking VALUES (619673808, 668864655, '2019-11-14', '21:5:40');
INSERT INTO booking VALUES (106937444, 632311749, '2019-7-9', '10:45:23');
INSERT INTO booking VALUES (353437728, 741118619, '2019-3-27', '5:19:22');
INSERT INTO booking VALUES (231501919, 594565564, '2019-8-11', '22:15:0');
INSERT INTO booking VALUES (183765979, 291099993, '2019-8-24', '22:11:4');
INSERT INTO booking VALUES (965775743, 831057138, '2019-7-3', '7:52:21');
INSERT INTO booking VALUES (161486130, 248497739, '2019-12-10', '1:52:7');
INSERT INTO booking VALUES (943140101, 717993891, '2019-10-20', '4:10:43');
INSERT INTO booking VALUES (131219232, 150457672, '2019-7-3', '3:35:4');
INSERT INTO booking VALUES (504996932, 839433140, '2019-12-19', '15:6:35');
INSERT INTO booking VALUES (269819238, 658980194, '2019-9-26', '19:32:39');
INSERT INTO booking VALUES (183765979, 482551465, '2019-3-19', '7:28:43');
INSERT INTO booking VALUES (682084454, 521431640, '2019-7-3', '4:14:23');
INSERT INTO booking VALUES (682084454, 529661099, '2019-4-12', '6:36:13');
INSERT INTO booking VALUES (779225109, 634807890, '2019-9-14', '20:56:7');
INSERT INTO booking VALUES (957773806, 574683585, '2019-2-6', '15:53:46');
INSERT INTO booking VALUES (318336221, 322912495, '2019-3-28', '1:22:16');
INSERT INTO booking VALUES (183765979, 901999909, '2019-4-28', '1:36:52');
INSERT INTO booking VALUES (430146885, 104305742, '2019-6-1', '10:32:8');
INSERT INTO booking VALUES (922331848, 771566726, '2019-5-20', '0:28:59');
INSERT INTO booking VALUES (239102885, 865964166, '2019-11-18', '23:20:4');
INSERT INTO booking VALUES (681487169, 865964166, '2019-11-3', '8:6:54');
INSERT INTO booking VALUES (958840729, 504078780, '2019-6-10', '23:34:27');
INSERT INTO booking VALUES (239102885, 746886106, '2019-4-12', '0:43:27');
INSERT INTO booking VALUES (322240987, 100266945, '2019-2-16', '1:27:46');
INSERT INTO booking VALUES (957773806, 504308655, '2019-5-18', '20:41:44');
INSERT INTO booking VALUES (232317481, 239394343, '2019-1-15', '23:56:37');
INSERT INTO booking VALUES (457816863, 529661099, '2019-7-21', '2:4:45');
INSERT INTO booking VALUES (431158433, 569238758, '2019-10-19', '21:38:22');
INSERT INTO booking VALUES (303222304, 889392182, '2019-6-5', '8:31:23');
INSERT INTO booking VALUES (619673808, 552233702, '2019-5-17', '0:10:42');
INSERT INTO booking VALUES (498436204, 594565564, '2019-7-20', '11:55:58');
INSERT INTO booking VALUES (239102885, 964009131, '2019-5-9', '11:12:4');
INSERT INTO booking VALUES (660400334, 678729001, '2019-3-27', '20:48:25');
INSERT INTO booking VALUES (318336221, 594565564, '2019-10-19', '9:0:29');
INSERT INTO booking VALUES (922331848, 997041738, '2019-11-5', '12:7:43');
INSERT INTO booking VALUES (810576383, 502160820, '2019-11-14', '4:52:29');
INSERT INTO booking VALUES (457816863, 677473986, '2019-9-27', '19:16:43');
INSERT INTO booking VALUES (949771535, 119168371, '2019-5-6', '1:34:50');
INSERT INTO booking VALUES (131219232, 333331955, '2019-5-27', '14:37:40');
INSERT INTO booking VALUES (682084454, 711894210, '2019-9-22', '8:48:6');
INSERT INTO booking VALUES (318336221, 722112250, '2019-1-28', '20:12:0');
INSERT INTO booking VALUES (660400334, 117171726, '2019-2-26', '3:16:30');
INSERT INTO booking VALUES (181932285, 121849113, '2019-7-10', '10:51:44');
INSERT INTO booking VALUES (779225109, 901572059, '2019-2-26', '4:43:19');
INSERT INTO booking VALUES (682084454, 266374802, '2019-11-23', '18:56:40');
INSERT INTO booking VALUES (478214179, 574683585, '2019-5-27', '23:14:39');
INSERT INTO booking VALUES (943140101, 793811509, '2019-2-1', '2:46:18');
INSERT INTO booking VALUES (457816863, 122981805, '2019-9-26', '17:29:33');
INSERT INTO booking VALUES (681487169, 433274927, '2019-12-13', '7:24:55');
INSERT INTO booking VALUES (958840729, 919381672, '2019-2-11', '6:46:1');
INSERT INTO booking VALUES (551991674, 331684578, '2019-4-7', '0:47:23');
INSERT INTO booking VALUES (682084454, 192455213, '2019-7-6', '22:59:32');
INSERT INTO booking VALUES (681487169, 428687246, '2019-10-27', '3:44:27');
INSERT INTO booking VALUES (948114413, 280538264, '2019-11-9', '0:38:54');
INSERT INTO booking VALUES (948114413, 396050790, '2019-7-25', '9:44:3');
INSERT INTO booking VALUES (269819238, 331684578, '2019-9-4', '19:50:46');
INSERT INTO booking VALUES (958840729, 151257956, '2019-5-5', '11:52:59');
INSERT INTO booking VALUES (596157741, 510050984, '2019-2-19', '14:59:18');
INSERT INTO booking VALUES (303222304, 504308655, '2019-1-28', '16:56:15');
INSERT INTO booking VALUES (596157741, 800168400, '2019-4-10', '1:31:37');
INSERT INTO booking VALUES (958840729, 901572059, '2019-12-11', '7:6:22');
INSERT INTO booking VALUES (492662288, 722112250, '2019-10-22', '17:25:15');
INSERT INTO booking VALUES (106937444, 551648538, '2019-2-8', '7:54:16');
INSERT INTO booking VALUES (663745152, 790213924, '2019-6-19', '8:42:30');
INSERT INTO booking VALUES (498436204, 504078780, '2019-7-20', '20:14:7');
INSERT INTO booking VALUES (478214179, 978939139, '2019-11-18', '7:39:47');
INSERT INTO booking VALUES (958840729, 771566726, '2019-10-5', '4:8:43');
INSERT INTO booking VALUES (498436204, 563101056, '2019-11-11', '12:52:57');
INSERT INTO booking VALUES (408010710, 396723370, '2019-3-18', '10:39:0');
INSERT INTO booking VALUES (394809018, 978939139, '2019-12-15', '23:28:42');
INSERT INTO booking VALUES (504996932, 604063911, '2019-11-10', '11:52:4');
INSERT INTO booking VALUES (350129792, 504078780, '2019-5-20', '12:1:38');
INSERT INTO booking VALUES (291950102, 135452705, '2019-6-16', '19:38:7');
INSERT INTO booking VALUES (779225109, 522322746, '2019-1-4', '7:41:30');
INSERT INTO booking VALUES (106937444, 978939139, '2019-12-8', '23:54:17');
INSERT INTO booking VALUES (960414363, 865964166, '2019-1-24', '23:36:57');
INSERT INTO booking VALUES (619673808, 119168371, '2019-9-9', '2:17:57');
INSERT INTO booking VALUES (353437728, 973699309, '2019-11-28', '22:14:58');
INSERT INTO booking VALUES (131219232, 788735997, '2019-11-7', '21:15:55');
INSERT INTO booking VALUES (498436204, 760275928, '2019-8-28', '18:22:6');
INSERT INTO booking VALUES (457816863, 901999909, '2019-11-16', '2:20:42');
INSERT INTO booking VALUES (681487169, 752835930, '2019-11-1', '19:14:0');
INSERT INTO booking VALUES (810576383, 999442666, '2019-3-27', '13:18:35');
INSERT INTO booking VALUES (131219232, 155083454, '2019-9-17', '17:26:13');
INSERT INTO booking VALUES (430146885, 722112250, '2019-3-5', '11:19:1');
INSERT INTO booking VALUES (551991674, 100266945, '2019-8-13', '1:6:27');
INSERT INTO booking VALUES (551991674, 672480243, '2019-12-12', '10:41:19');
INSERT INTO booking VALUES (161486130, 658980194, '2019-9-25', '20:21:18');
INSERT INTO booking VALUES (131219232, 756159110, '2019-7-7', '14:3:0');
INSERT INTO booking VALUES (922331848, 150457672, '2019-3-17', '6:45:44');
INSERT INTO booking VALUES (322240987, 786023939, '2019-4-6', '14:37:24');
INSERT INTO booking VALUES (551991674, 900517046, '2019-4-22', '0:38:4');
INSERT INTO booking VALUES (350129792, 711894210, '2019-8-19', '11:17:13');
INSERT INTO booking VALUES (350129792, 933887007, '2019-4-7', '4:40:34');
INSERT INTO booking VALUES (763497068, 585877260, '2019-6-3', '14:29:31');
INSERT INTO booking VALUES (183765979, 428687246, '2019-6-23', '21:6:16');
INSERT INTO booking VALUES (663745152, 574683585, '2019-5-22', '23:31:14');
INSERT INTO booking VALUES (601968127, 109705452, '2019-12-20', '10:45:13');
INSERT INTO booking VALUES (318336221, 123763776, '2019-1-2', '21:25:30');
INSERT INTO booking VALUES (322240987, 312889680, '2019-8-6', '19:46:54');
INSERT INTO booking VALUES (353437728, 428687246, '2019-3-27', '11:44:11');
INSERT INTO booking VALUES (478214179, 125732117, '2019-4-9', '5:19:51');
INSERT INTO booking VALUES (303222304, 788735997, '2019-10-4', '7:32:36');
INSERT INTO booking VALUES (810576383, 175754529, '2019-7-27', '11:30:39');
INSERT INTO booking VALUES (596157741, 844685885, '2019-11-21', '10:9:46');
INSERT INTO booking VALUES (350129792, 333331955, '2019-12-27', '20:21:19');
INSERT INTO booking VALUES (350129792, 822157421, '2019-1-20', '17:19:20');
INSERT INTO booking VALUES (492662288, 155083454, '2019-5-17', '17:25:39');
INSERT INTO booking VALUES (269819238, 396050790, '2019-2-22', '14:45:4');
INSERT INTO booking VALUES (958840729, 800168400, '2019-7-1', '21:45:1');
INSERT INTO booking VALUES (949771535, 254876469, '2019-10-23', '10:27:17');
INSERT INTO booking VALUES (660400334, 122981805, '2019-7-15', '11:14:12');
INSERT INTO booking VALUES (106937444, 203684755, '2019-2-22', '23:58:36');
INSERT INTO booking VALUES (681487169, 648160403, '2019-10-13', '8:39:6');
INSERT INTO booking VALUES (131219232, 347683134, '2019-11-28', '2:21:26');
INSERT INTO booking VALUES (779225109, 585877260, '2019-5-20', '7:32:50');
INSERT INTO booking VALUES (473629310, 119936645, '2019-3-21', '17:18:6');
INSERT INTO booking VALUES (810576383, 212456164, '2019-3-17', '5:38:49');
INSERT INTO booking VALUES (183765979, 555593154, '2019-6-9', '6:34:50');
INSERT INTO booking VALUES (231501919, 164111289, '2019-6-20', '22:7:36');
INSERT INTO booking VALUES (269819238, 367050131, '2019-6-28', '4:11:11');
INSERT INTO booking VALUES (922331848, 756159110, '2019-12-15', '20:11:45');
INSERT INTO booking VALUES (303222304, 109705452, '2019-2-16', '14:25:7');
INSERT INTO booking VALUES (231501919, 677473986, '2019-9-5', '17:3:30');
INSERT INTO booking VALUES (318336221, 839996300, '2019-9-12', '7:19:40');
INSERT INTO booking VALUES (601968127, 741997138, '2019-11-25', '3:36:38');
INSERT INTO booking VALUES (855839729, 501363196, '2019-9-24', '13:37:56');
INSERT INTO booking VALUES (291950102, 276625965, '2019-6-27', '17:22:15');
INSERT INTO booking VALUES (810576383, 396050790, '2019-7-4', '10:36:20');
INSERT INTO booking VALUES (181932285, 184410687, '2019-9-7', '5:32:44');
INSERT INTO booking VALUES (353437728, 752835930, '2019-11-22', '11:28:26');
INSERT INTO booking VALUES (303222304, 696840041, '2019-8-19', '10:16:28');
INSERT INTO booking VALUES (957773806, 203684755, '2019-1-28', '6:57:13');
INSERT INTO booking VALUES (318336221, 187196352, '2019-3-5', '0:48:41');
INSERT INTO booking VALUES (960414363, 552233702, '2019-10-25', '5:59:29');
INSERT INTO booking VALUES (663745152, 677473986, '2019-2-1', '21:44:8');
INSERT INTO booking VALUES (232317481, 510050984, '2019-8-9', '20:4:21');
INSERT INTO booking VALUES (957773806, 919381672, '2019-7-5', '21:54:5');
INSERT INTO booking VALUES (232317481, 412609639, '2019-8-18', '1:17:59');
INSERT INTO booking VALUES (763497068, 412609639, '2019-6-5', '12:45:32');
INSERT INTO booking VALUES (430146885, 462307093, '2019-11-13', '19:9:20');
INSERT INTO booking VALUES (551991674, 986570229, '2019-1-20', '18:45:14');
INSERT INTO booking VALUES (619673808, 164111289, '2019-5-17', '10:41:5');
INSERT INTO booking VALUES (291950102, 271289514, '2019-8-10', '7:55:35');
INSERT INTO booking VALUES (431158433, 494523128, '2019-7-15', '5:45:3');
INSERT INTO booking VALUES (790307021, 457157505, '2019-3-16', '21:24:42');
INSERT INTO booking VALUES (181932285, 771566726, '2019-12-7', '13:32:24');
INSERT INTO booking VALUES (551991674, 276625965, '2019-2-8', '11:37:44');
INSERT INTO booking VALUES (457816863, 579085737, '2019-7-17', '18:20:18');
INSERT INTO booking VALUES (922331848, 151257956, '2019-1-15', '17:49:39');
INSERT INTO booking VALUES (957773806, 271289514, '2019-12-13', '14:30:4');
INSERT INTO booking VALUES (601968127, 322207036, '2019-11-19', '11:42:37');
INSERT INTO booking VALUES (965775743, 212792649, '2019-3-12', '10:17:25');
INSERT INTO booking VALUES (949771535, 396050790, '2019-5-19', '20:13:42');
INSERT INTO booking VALUES (960414363, 119936645, '2019-12-9', '9:18:43');
INSERT INTO booking VALUES (504996932, 493624815, '2019-3-23', '5:29:1');
INSERT INTO booking VALUES (957773806, 441151590, '2019-5-9', '5:22:13');
INSERT INTO booking VALUES (351186141, 701436821, '2019-3-26', '21:18:35');
INSERT INTO booking VALUES (855839729, 104792513, '2019-10-12', '20:6:12');
INSERT INTO booking VALUES (957773806, 582351236, '2019-4-6', '15:42:14');
INSERT INTO booking VALUES (601968127, 760275928, '2019-9-23', '7:12:17');
INSERT INTO booking VALUES (949771535, 250747938, '2019-11-4', '12:52:5');
INSERT INTO booking VALUES (855839729, 942379025, '2019-3-3', '6:37:8');
INSERT INTO booking VALUES (291950102, 844685885, '2019-11-5', '1:25:48');
INSERT INTO booking VALUES (232317481, 462307093, '2019-9-11', '16:11:2');
INSERT INTO booking VALUES (965775743, 227165965, '2019-1-20', '5:2:30');
INSERT INTO booking VALUES (682084454, 677393102, '2019-3-15', '0:26:53');
INSERT INTO booking VALUES (596157741, 109705452, '2019-2-12', '15:25:56');
INSERT INTO booking VALUES (960414363, 181789940, '2019-5-22', '20:28:40');
INSERT INTO booking VALUES (810576383, 933887007, '2019-5-4', '1:49:13');
INSERT INTO booking VALUES (291950102, 689749836, '2019-12-23', '19:47:15');
INSERT INTO booking VALUES (181932285, 717601564, '2019-4-2', '5:21:12');
INSERT INTO booking VALUES (596157741, 503194264, '2019-12-12', '18:24:18');
INSERT INTO booking VALUES (498436204, 311554096, '2019-12-28', '7:8:11');
INSERT INTO booking VALUES (303222304, 658980194, '2019-10-18', '11:27:38');
INSERT INTO booking VALUES (681487169, 441512719, '2019-11-6', '19:11:38');
INSERT INTO booking VALUES (957773806, 674585357, '2019-8-23', '5:42:4');
INSERT INTO booking VALUES (948114413, 134696844, '2019-8-11', '6:18:30');
INSERT INTO booking VALUES (385989443, 412609639, '2019-3-10', '14:29:48');
INSERT INTO booking VALUES (965775743, 701436821, '2019-11-27', '15:59:21');
INSERT INTO booking VALUES (431158433, 551846609, '2019-9-6', '4:3:48');
INSERT INTO booking VALUES (303222304, 493624815, '2019-12-1', '3:38:53');
INSERT INTO booking VALUES (303222304, 574683585, '2019-1-27', '8:58:22');
INSERT INTO booking VALUES (430146885, 661240733, '2019-9-7', '2:45:17');
INSERT INTO booking VALUES (394809018, 192455213, '2019-3-8', '12:5:35');
INSERT INTO booking VALUES (239102885, 997041738, '2019-3-11', '16:16:22');
INSERT INTO booking VALUES (760608139, 203684755, '2019-4-9', '0:48:50');
INSERT INTO booking VALUES (943140101, 862514933, '2019-12-24', '7:10:54');
INSERT INTO booking VALUES (430146885, 942502419, '2019-9-17', '5:1:44');
INSERT INTO booking VALUES (385989443, 333331955, '2019-4-6', '23:0:56');
INSERT INTO booking VALUES (779225109, 551648538, '2019-7-24', '15:10:5');
INSERT INTO booking VALUES (949771535, 717601564, '2019-10-16', '14:43:35');
INSERT INTO booking VALUES (457816863, 726545370, '2019-10-2', '7:39:19');
INSERT INTO booking VALUES (231501919, 471455921, '2019-6-12', '0:33:53');
INSERT INTO booking VALUES (972960647, 839996300, '2019-4-14', '0:8:6');
INSERT INTO booking VALUES (431158433, 190637102, '2019-8-23', '15:7:7');
INSERT INTO booking VALUES (353437728, 548924961, '2019-3-24', '12:19:3');
INSERT INTO booking VALUES (269819238, 986570229, '2019-5-15', '20:32:29');
INSERT INTO booking VALUES (430146885, 190637102, '2019-12-23', '19:39:13');
INSERT INTO booking VALUES (855839729, 212456164, '2019-1-4', '18:41:27');
INSERT INTO booking VALUES (430146885, 441151590, '2019-10-11', '18:33:44');
INSERT INTO booking VALUES (492662288, 522322746, '2019-11-6', '7:1:38');
INSERT INTO booking VALUES (394809018, 786023939, '2019-10-20', '20:40:54');
INSERT INTO booking VALUES (430146885, 304887678, '2019-4-13', '12:40:48');
INSERT INTO booking VALUES (948114413, 965509317, '2019-4-1', '16:56:45');
INSERT INTO booking VALUES (239102885, 919381672, '2019-8-17', '18:3:49');
INSERT INTO booking VALUES (478214179, 788735997, '2019-11-22', '10:2:29');
INSERT INTO booking VALUES (504996932, 121849113, '2019-12-18', '2:2:58');
INSERT INTO booking VALUES (965775743, 694949513, '2019-12-16', '14:56:39');
INSERT INTO booking VALUES (965775743, 657644882, '2019-3-8', '0:1:15');
INSERT INTO booking VALUES (965775743, 594565564, '2019-3-18', '0:47:0');
INSERT INTO booking VALUES (779225109, 574683585, '2019-10-17', '21:24:2');
INSERT INTO booking VALUES (922331848, 563101056, '2019-8-27', '19:58:39');
INSERT INTO booking VALUES (855839729, 321641067, '2019-12-19', '12:11:51');
INSERT INTO booking VALUES (960414363, 428687246, '2019-12-18', '3:16:47');
INSERT INTO booking VALUES (322240987, 276625965, '2019-6-15', '3:31:9');
INSERT INTO booking VALUES (965775743, 771566726, '2019-3-24', '12:57:36');
INSERT INTO booking VALUES (760608139, 730815339, '2019-6-17', '2:3:10');
INSERT INTO booking VALUES (596157741, 839433140, '2019-1-5', '6:10:17');
INSERT INTO booking VALUES (457816863, 426165324, '2019-10-12', '8:27:6');
INSERT INTO booking VALUES (760608139, 747939582, '2019-8-15', '23:32:36');
INSERT INTO booking VALUES (972960647, 836360355, '2019-1-6', '17:53:35');
INSERT INTO booking VALUES (960414363, 367680976, '2019-12-12', '3:18:12');
INSERT INTO booking VALUES (431158433, 203684755, '2019-9-3', '5:7:41');
INSERT INTO booking VALUES (660400334, 717601564, '2019-2-20', '8:28:15');
INSERT INTO booking VALUES (131219232, 123763776, '2019-8-23', '9:17:14');
INSERT INTO booking VALUES (239102885, 881998269, '2019-2-23', '6:50:45');
INSERT INTO booking VALUES (431158433, 312889680, '2019-1-19', '23:28:47');
INSERT INTO booking VALUES (318336221, 978939139, '2019-8-14', '19:42:1');
INSERT INTO booking VALUES (161486130, 187196352, '2019-5-4', '19:53:19');
INSERT INTO booking VALUES (106937444, 892153651, '2019-8-9', '12:50:50');
INSERT INTO booking VALUES (430146885, 113091036, '2019-2-7', '19:10:39');
INSERT INTO booking VALUES (430146885, 124593174, '2019-2-23', '2:5:28');
INSERT INTO booking VALUES (394809018, 503194264, '2019-9-6', '10:48:32');
INSERT INTO booking VALUES (601968127, 574683585, '2019-7-1', '15:33:49');
INSERT INTO booking VALUES (291950102, 100266945, '2019-5-10', '4:15:10');
INSERT INTO booking VALUES (663745152, 462307093, '2019-6-12', '6:14:2');
INSERT INTO booking VALUES (232317481, 195535220, '2019-3-16', '22:18:57');
INSERT INTO booking VALUES (760608139, 678858653, '2019-3-13', '2:50:50');
INSERT INTO booking VALUES (958840729, 892153651, '2019-7-8', '22:5:31');
INSERT INTO booking VALUES (430146885, 604063911, '2019-10-24', '5:16:31');
INSERT INTO booking VALUES (682084454, 585877260, '2019-2-13', '23:25:24');
INSERT INTO booking VALUES (492662288, 396050790, '2019-7-13', '23:58:18');
INSERT INTO booking VALUES (131219232, 964009131, '2019-1-17', '0:49:36');
INSERT INTO booking VALUES (181932285, 104305742, '2019-3-10', '14:17:36');
INSERT INTO booking VALUES (353437728, 632311749, '2019-10-13', '4:55:59');
INSERT INTO booking VALUES (385989443, 594565564, '2019-12-7', '15:42:19');
INSERT INTO booking VALUES (430146885, 165944983, '2019-9-23', '3:8:59');
INSERT INTO booking VALUES (232317481, 190637102, '2019-6-4', '5:22:43');
INSERT INTO booking VALUES (965775743, 678858653, '2019-1-24', '22:6:24');
INSERT INTO booking VALUES (161486130, 231101100, '2019-4-17', '14:27:16');
INSERT INTO booking VALUES (779225109, 322081448, '2019-11-15', '10:57:28');
INSERT INTO booking VALUES (351186141, 752835930, '2019-1-13', '13:29:55');
INSERT INTO booking VALUES (291950102, 789594010, '2019-6-27', '1:30:12');
INSERT INTO booking VALUES (660400334, 276625965, '2019-10-25', '9:46:2');
INSERT INTO booking VALUES (779225109, 881998269, '2019-6-22', '23:35:12');
INSERT INTO booking VALUES (972960647, 135452705, '2019-4-27', '15:34:26');
INSERT INTO booking VALUES (663745152, 112531270, '2019-4-25', '6:55:1');
INSERT INTO booking VALUES (457816863, 722112250, '2019-10-9', '17:35:3');
INSERT INTO booking VALUES (473629310, 412609639, '2019-5-10', '18:23:41');
INSERT INTO booking VALUES (663745152, 484661180, '2019-5-8', '0:19:28');
INSERT INTO booking VALUES (681487169, 881998269, '2019-8-14', '14:21:34');
INSERT INTO booking VALUES (972960647, 942379025, '2019-3-5', '13:10:4');
INSERT INTO booking VALUES (601968127, 678729001, '2019-6-19', '9:8:47');
INSERT INTO booking VALUES (960414363, 919381672, '2019-2-27', '15:43:27');
INSERT INTO booking VALUES (972960647, 752835930, '2019-9-4', '16:0:57');
INSERT INTO booking VALUES (498436204, 109705452, '2019-7-7', '6:55:29');
INSERT INTO booking VALUES (810576383, 471455921, '2019-11-1', '21:8:16');
INSERT INTO booking VALUES (318336221, 717993891, '2019-12-4', '5:24:47');
INSERT INTO booking VALUES (763497068, 276625965, '2019-4-25', '2:29:3');
INSERT INTO booking VALUES (663745152, 793811509, '2019-7-6', '13:19:8');
INSERT INTO booking VALUES (957773806, 717601564, '2019-11-16', '0:48:47');
INSERT INTO booking VALUES (430146885, 973699309, '2019-9-7', '15:13:34');
INSERT INTO booking VALUES (457816863, 123763776, '2019-3-23', '16:52:45');
INSERT INTO booking VALUES (181932285, 124593174, '2019-5-20', '18:57:41');
INSERT INTO booking VALUES (350129792, 582351236, '2019-5-9', '19:57:44');
INSERT INTO booking VALUES (430146885, 648160403, '2019-11-4', '11:54:33');
INSERT INTO booking VALUES (232317481, 793811509, '2019-10-2', '6:47:7');
INSERT INTO booking VALUES (303222304, 195535220, '2019-10-19', '1:14:2');
INSERT INTO booking VALUES (430146885, 231101100, '2019-3-17', '16:8:50');
INSERT INTO booking VALUES (269819238, 494523128, '2019-9-15', '12:42:10');
INSERT INTO booking VALUES (478214179, 717601564, '2019-11-24', '15:42:26');
INSERT INTO booking VALUES (810576383, 707670980, '2019-4-25', '0:17:39');
INSERT INTO booking VALUES (161486130, 800168400, '2019-8-21', '19:3:28');
INSERT INTO booking VALUES (922331848, 227165965, '2019-12-21', '7:32:30');
INSERT INTO booking VALUES (619673808, 551648538, '2019-9-13', '15:26:47');
INSERT INTO booking VALUES (965775743, 552233702, '2019-1-13', '0:36:42');
INSERT INTO booking VALUES (965775743, 979188599, '2019-6-14', '1:43:57');
INSERT INTO booking VALUES (972960647, 212456164, '2019-3-25', '23:45:23');
INSERT INTO booking VALUES (551991674, 441151590, '2019-7-5', '21:16:11');
INSERT INTO booking VALUES (949771535, 474606055, '2019-12-18', '6:6:9');
INSERT INTO booking VALUES (551991674, 493624815, '2019-10-22', '18:7:20');
INSERT INTO booking VALUES (394809018, 322912495, '2019-9-4', '2:1:6');
INSERT INTO booking VALUES (239102885, 396723370, '2019-2-18', '18:22:24');
INSERT INTO booking VALUES (681487169, 123763776, '2019-7-23', '12:46:36');
INSERT INTO booking VALUES (473629310, 582351236, '2019-9-12', '20:0:27');
INSERT INTO booking VALUES (408010710, 276625965, '2019-5-13', '1:18:10');
INSERT INTO booking VALUES (957773806, 599223933, '2019-3-10', '13:16:33');
INSERT INTO booking VALUES (972960647, 674585357, '2019-10-4', '18:37:0');
INSERT INTO booking VALUES (660400334, 711894210, '2019-1-1', '8:7:18');
INSERT INTO booking VALUES (601968127, 634807890, '2019-7-1', '20:18:44');
INSERT INTO booking VALUES (269819238, 433274927, '2019-4-11', '18:7:6');
INSERT INTO booking VALUES (660400334, 747185303, '2019-12-25', '14:50:58');
INSERT INTO booking VALUES (353437728, 125732117, '2019-12-6', '17:49:19');
INSERT INTO booking VALUES (408010710, 164111289, '2019-8-20', '15:40:34');
INSERT INTO booking VALUES (957773806, 104305742, '2019-3-9', '19:4:46');
INSERT INTO booking VALUES (972960647, 632311749, '2019-6-8', '13:55:36');
INSERT INTO booking VALUES (601968127, 484661180, '2019-10-10', '22:48:43');
INSERT INTO booking VALUES (810576383, 426165324, '2019-9-19', '20:45:22');
INSERT INTO booking VALUES (790307021, 347683134, '2019-1-4', '8:31:49');
INSERT INTO booking VALUES (790307021, 776385721, '2019-12-2', '23:40:29');
INSERT INTO booking VALUES (763497068, 113091036, '2019-1-10', '14:57:3');
INSERT INTO booking VALUES (960414363, 441512719, '2019-9-19', '13:37:44');
INSERT INTO booking VALUES (431158433, 280538264, '2019-11-21', '20:53:56');
INSERT INTO booking VALUES (351186141, 793811509, '2019-12-2', '6:57:44');
INSERT INTO booking VALUES (960414363, 121849113, '2019-11-4', '6:14:10');
INSERT INTO booking VALUES (660400334, 383135055, '2019-5-22', '9:51:18');
INSERT INTO booking VALUES (181932285, 286343609, '2019-5-23', '23:21:26');
INSERT INTO booking VALUES (353437728, 689749836, '2019-4-24', '22:51:29');
INSERT INTO booking VALUES (232317481, 632311749, '2019-1-26', '19:34:41');
INSERT INTO booking VALUES (779225109, 190637102, '2019-10-13', '5:41:58');
INSERT INTO booking VALUES (957773806, 311554096, '2019-7-27', '1:19:33');
INSERT INTO booking VALUES (232317481, 771566726, '2019-8-13', '5:19:50');
INSERT INTO booking VALUES (131219232, 266374802, '2019-1-14', '3:6:9');
INSERT INTO booking VALUES (269819238, 212792649, '2019-3-15', '14:13:4');
INSERT INTO booking VALUES (949771535, 658283583, '2019-10-17', '1:54:47');
INSERT INTO booking VALUES (353437728, 198562392, '2019-11-26', '23:26:3');
INSERT INTO booking VALUES (350129792, 674585357, '2019-2-3', '21:41:31');
INSERT INTO booking VALUES (239102885, 212792649, '2019-4-13', '9:19:26');
INSERT INTO booking VALUES (303222304, 548924961, '2019-3-8', '7:10:51');
INSERT INTO booking VALUES (596157741, 952696288, '2019-2-9', '13:32:24');
INSERT INTO booking VALUES (269819238, 404746032, '2019-6-6', '15:37:43');
INSERT INTO booking VALUES (231501919, 678858653, '2019-1-26', '7:52:54');
INSERT INTO booking VALUES (972960647, 250747938, '2019-2-6', '17:52:31');
INSERT INTO booking VALUES (183765979, 707670980, '2019-12-13', '13:11:4');
INSERT INTO booking VALUES (601968127, 942502419, '2019-6-28', '13:41:12');
INSERT INTO booking VALUES (318336221, 311554096, '2019-9-17', '20:3:39');
INSERT INTO booking VALUES (810576383, 962500243, '2019-4-26', '1:12:14');
INSERT INTO booking VALUES (291950102, 862034603, '2019-4-7', '18:30:21');
INSERT INTO booking VALUES (161486130, 822157421, '2019-6-6', '18:59:17');
INSERT INTO booking VALUES (551991674, 529661099, '2019-10-3', '1:27:54');
INSERT INTO booking VALUES (601968127, 322912495, '2019-5-12', '12:56:34');
INSERT INTO booking VALUES (291950102, 599223933, '2019-3-17', '1:30:32');
INSERT INTO booking VALUES (760608139, 942379025, '2019-6-26', '15:54:39');
INSERT INTO booking VALUES (763497068, 474606055, '2019-12-25', '8:18:34');
INSERT INTO booking VALUES (106937444, 181789940, '2019-6-5', '4:7:54');
INSERT INTO booking VALUES (394809018, 807529020, '2019-10-19', '7:30:45');
INSERT INTO booking VALUES (682084454, 677473986, '2019-9-17', '20:16:37');
INSERT INTO booking VALUES (551991674, 790213924, '2019-6-4', '21:23:27');
INSERT INTO booking VALUES (492662288, 865964166, '2019-6-25', '14:21:15');
INSERT INTO booking VALUES (183765979, 190637102, '2019-4-13', '11:28:40');
INSERT INTO booking VALUES (385989443, 504308655, '2019-10-17', '20:37:21');
INSERT INTO booking VALUES (957773806, 501363196, '2019-10-15', '10:27:37');
INSERT INTO booking VALUES (596157741, 725369719, '2019-5-23', '16:15:20');
INSERT INTO booking VALUES (322240987, 113091036, '2019-3-19', '14:0:49');
INSERT INTO booking VALUES (498436204, 658980194, '2019-7-2', '13:29:56');
INSERT INTO booking VALUES (457816863, 741997138, '2019-9-7', '6:52:2');
INSERT INTO booking VALUES (131219232, 862514933, '2019-11-9', '11:1:32');
INSERT INTO booking VALUES (318336221, 563101056, '2019-4-14', '10:5:3');
INSERT INTO booking VALUES (478214179, 741118619, '2019-9-13', '16:8:17');
INSERT INTO booking VALUES (408010710, 190637102, '2019-3-10', '15:39:56');
INSERT INTO booking VALUES (351186141, 494523128, '2019-12-19', '17:30:59');
INSERT INTO booking VALUES (972960647, 522322746, '2019-7-4', '9:33:50');
INSERT INTO booking VALUES (303222304, 672480243, '2019-5-3', '15:3:19');
INSERT INTO booking VALUES (351186141, 521431640, '2019-1-22', '14:56:7');
INSERT INTO booking VALUES (855839729, 706660067, '2019-3-7', '1:56:8');
INSERT INTO booking VALUES (161486130, 104305742, '2019-1-3', '6:24:47');
INSERT INTO booking VALUES (385989443, 648160403, '2019-7-28', '18:39:22');
INSERT INTO booking VALUES (291950102, 677473986, '2019-5-1', '21:44:0');
INSERT INTO booking VALUES (431158433, 747939582, '2019-4-18', '5:47:22');
INSERT INTO booking VALUES (351186141, 844685885, '2019-11-20', '0:19:7');
INSERT INTO booking VALUES (106937444, 776385721, '2019-11-6', '5:51:50');
INSERT INTO booking VALUES (498436204, 800168400, '2019-3-21', '14:15:16');
INSERT INTO booking VALUES (473629310, 658980194, '2019-11-25', '16:27:31');
INSERT INTO booking VALUES (551991674, 521431640, '2019-4-19', '18:6:54');
INSERT INTO booking VALUES (763497068, 155083454, '2019-3-15', '0:53:48');
INSERT INTO booking VALUES (492662288, 689749836, '2019-9-7', '12:17:43');
INSERT INTO booking VALUES (394809018, 600675137, '2019-4-4', '3:18:22');
INSERT INTO booking VALUES (760608139, 978939139, '2019-9-9', '23:18:54');
INSERT INTO booking VALUES (619673808, 891814333, '2019-4-13', '5:22:9');
INSERT INTO booking VALUES (457816863, 112531270, '2019-4-24', '10:14:8');
INSERT INTO booking VALUES (353437728, 529661099, '2019-1-19', '8:22:2');
INSERT INTO booking VALUES (353437728, 493624815, '2019-6-7', '3:16:12');
INSERT INTO booking VALUES (291950102, 286343609, '2019-10-9', '4:13:53');
INSERT INTO booking VALUES (922331848, 504308655, '2019-11-9', '14:33:10');
INSERT INTO booking VALUES (972960647, 121849113, '2019-3-14', '7:46:46');
INSERT INTO booking VALUES (431158433, 376974345, '2019-4-1', '10:18:35');
INSERT INTO booking VALUES (431158433, 701436821, '2019-7-22', '15:2:0');
INSERT INTO booking VALUES (551991674, 198562392, '2019-3-9', '3:19:32');
INSERT INTO booking VALUES (239102885, 119936645, '2019-3-10', '5:9:5');
INSERT INTO booking VALUES (322240987, 386400893, '2019-10-18', '7:28:51');
INSERT INTO booking VALUES (350129792, 965509317, '2019-6-5', '12:32:26');
INSERT INTO booking VALUES (492662288, 952696288, '2019-9-2', '16:2:10');
INSERT INTO booking VALUES (408010710, 760275928, '2019-6-18', '6:18:21');
INSERT INTO booking VALUES (965775743, 948834805, '2019-7-1', '0:49:0');
INSERT INTO booking VALUES (232317481, 271289514, '2019-4-13', '16:59:0');
INSERT INTO booking VALUES (408010710, 648160403, '2019-2-15', '12:53:48');
INSERT INTO booking VALUES (318336221, 122981805, '2019-3-12', '19:16:14');
INSERT INTO booking VALUES (183765979, 771566726, '2019-2-20', '20:34:36');
INSERT INTO booking VALUES (682084454, 986570229, '2019-7-6', '22:3:44');
INSERT INTO booking VALUES (922331848, 493624815, '2019-9-19', '23:40:22');
INSERT INTO booking VALUES (619673808, 725369719, '2019-6-8', '17:36:53');
INSERT INTO booking VALUES (408010710, 979188599, '2019-6-20', '18:17:47');
INSERT INTO booking VALUES (232317481, 582351236, '2019-2-13', '19:25:25');
INSERT INTO booking VALUES (763497068, 151257956, '2019-8-10', '16:8:44');
INSERT INTO booking VALUES (291950102, 831057138, '2019-1-17', '5:47:12');
INSERT INTO booking VALUES (682084454, 563101056, '2019-5-24', '7:30:3');
INSERT INTO booking VALUES (763497068, 135452705, '2019-3-5', '10:30:0');
INSERT INTO booking VALUES (183765979, 833503908, '2019-1-16', '19:48:47');
INSERT INTO booking VALUES (318336221, 109705452, '2019-2-18', '3:5:24');
INSERT INTO booking VALUES (231501919, 658283583, '2019-7-15', '2:7:38');
INSERT INTO booking VALUES (960414363, 752835930, '2019-3-4', '17:19:53');
INSERT INTO booking VALUES (161486130, 172833202, '2019-9-9', '7:36:6');
INSERT INTO booking VALUES (291950102, 529661099, '2019-9-7', '23:4:30');
INSERT INTO booking VALUES (351186141, 412609639, '2019-7-27', '18:5:49');
INSERT INTO booking VALUES (965775743, 445735387, '2019-11-28', '19:20:17');
INSERT INTO booking VALUES (269819238, 722112250, '2019-3-7', '1:53:48');
INSERT INTO booking VALUES (408010710, 100266945, '2019-9-16', '7:2:32');
INSERT INTO booking VALUES (855839729, 725369719, '2019-10-9', '4:12:26');
INSERT INTO booking VALUES (231501919, 373101218, '2019-10-23', '4:19:47');
INSERT INTO booking VALUES (385989443, 112531270, '2019-7-2', '17:9:42');
INSERT INTO booking VALUES (960414363, 962500243, '2019-1-12', '6:19:14');
INSERT INTO booking VALUES (681487169, 658980194, '2019-11-25', '7:22:19');
INSERT INTO booking VALUES (473629310, 668864655, '2019-5-18', '5:2:20');
INSERT INTO booking VALUES (855839729, 445735387, '2019-10-28', '10:42:4');
INSERT INTO booking VALUES (965775743, 707670980, '2019-2-14', '4:32:8');
INSERT INTO booking VALUES (430146885, 123763776, '2019-3-7', '8:18:15');
INSERT INTO booking VALUES (855839729, 658980194, '2019-11-13', '2:54:30');
INSERT INTO booking VALUES (760608139, 986570229, '2019-12-27', '18:43:14');
INSERT INTO booking VALUES (385989443, 441151590, '2019-5-2', '23:38:34');
INSERT INTO booking VALUES (161486130, 881998269, '2019-2-24', '6:9:7');
INSERT INTO booking VALUES (682084454, 892153651, '2019-8-13', '12:48:54');
INSERT INTO booking VALUES (239102885, 503194264, '2019-2-4', '20:4:1');
INSERT INTO booking VALUES (353437728, 753708961, '2019-12-1', '3:41:54');
INSERT INTO booking VALUES (596157741, 756159110, '2019-1-14', '16:4:56');
INSERT INTO booking VALUES (232317481, 502160820, '2019-4-25', '3:15:27');
INSERT INTO booking VALUES (779225109, 900517046, '2019-11-5', '8:30:0');
INSERT INTO booking VALUES (232317481, 868443271, '2019-5-1', '4:13:59');
INSERT INTO booking VALUES (318336221, 776385721, '2019-4-25', '20:30:32');
INSERT INTO booking VALUES (291950102, 694949513, '2019-4-19', '9:57:36');
INSERT INTO booking VALUES (291950102, 248497739, '2019-3-26', '15:8:12');
INSERT INTO booking VALUES (855839729, 172833202, '2019-4-13', '23:54:10');
INSERT INTO booking VALUES (322240987, 839996300, '2019-5-5', '16:51:16');
INSERT INTO booking VALUES (394809018, 831057138, '2019-10-17', '13:3:42');
INSERT INTO booking VALUES (430146885, 175754529, '2019-1-4', '13:11:3');
INSERT INTO booking VALUES (457816863, 493624815, '2019-8-9', '10:11:48');
INSERT INTO booking VALUES (478214179, 396050790, '2019-7-10', '3:55:51');
INSERT INTO booking VALUES (232317481, 952696288, '2019-9-16', '2:33:19');
INSERT INTO booking VALUES (351186141, 503194264, '2019-6-21', '23:51:49');
INSERT INTO booking VALUES (551991674, 730815339, '2019-2-15', '6:45:2');
INSERT INTO booking VALUES (318336221, 604063911, '2019-9-12', '17:20:2');
INSERT INTO booking VALUES (498436204, 412609639, '2019-12-17', '20:47:31');
INSERT INTO booking VALUES (948114413, 678858653, '2019-5-13', '10:35:41');
INSERT INTO booking VALUES (353437728, 333331955, '2019-1-25', '11:2:4');
INSERT INTO booking VALUES (239102885, 367680976, '2019-10-14', '15:40:12');
INSERT INTO booking VALUES (948114413, 529661099, '2019-6-4', '9:36:19');
INSERT INTO booking VALUES (760608139, 747185303, '2019-12-15', '3:38:2');
INSERT INTO booking VALUES (473629310, 494523128, '2019-1-2', '14:20:34');
INSERT INTO booking VALUES (478214179, 280538264, '2019-12-21', '19:15:19');
INSERT INTO booking VALUES (231501919, 376974345, '2019-1-18', '16:22:28');
INSERT INTO booking VALUES (972960647, 510050984, '2019-10-22', '3:14:19');
INSERT INTO booking VALUES (239102885, 965314065, '2019-5-14', '1:55:29');
INSERT INTO booking VALUES (682084454, 651193929, '2019-6-17', '16:11:21');
INSERT INTO booking VALUES (619673808, 889392182, '2019-10-21', '12:12:32');
INSERT INTO booking VALUES (763497068, 800168400, '2019-10-8', '18:51:45');
INSERT INTO booking VALUES (231501919, 117171726, '2019-8-8', '3:30:33');
INSERT INTO booking VALUES (660400334, 367050131, '2019-3-4', '23:32:49');
INSERT INTO booking VALUES (948114413, 730815339, '2019-10-11', '16:39:15');
INSERT INTO booking VALUES (949771535, 793811509, '2019-12-3', '7:33:37');
INSERT INTO booking VALUES (351186141, 574683585, '2019-7-10', '18:57:34');
INSERT INTO booking VALUES (948114413, 758363207, '2019-6-18', '22:31:23');
INSERT INTO booking VALUES (660400334, 632311749, '2019-2-11', '17:41:59');
INSERT INTO booking VALUES (498436204, 790213924, '2019-1-28', '20:44:38');
INSERT INTO booking VALUES (551991674, 125732117, '2019-1-13', '9:29:29');
INSERT INTO booking VALUES (106937444, 706660067, '2019-10-28', '3:58:25');
INSERT INTO works VALUES (193514918, 751132359, 11);
INSERT INTO works VALUES (974859158, 751132359, 7);
INSERT INTO works VALUES (164569665, 751132359, 5);
INSERT INTO works VALUES (239502042, 806175825, 7);
INSERT INTO works VALUES (413753203, 338343330, 19);
INSERT INTO works VALUES (648060877, 476171779, 13);
INSERT INTO works VALUES (836248205, 476171779, 19);
INSERT INTO works VALUES (368590649, 338343330, 18);
INSERT INTO works VALUES (473287624, 466981997, 2);
INSERT INTO works VALUES (621829702, 806175825, 20);
INSERT INTO works VALUES (751666660, 733189347, 3);
INSERT INTO works VALUES (924872699, 775967099, 0);
INSERT INTO works VALUES (454916808, 751132359, 11);
INSERT INTO works VALUES (658136685, 476171779, 10);
INSERT INTO works VALUES (138616236, 751132359, 5);
INSERT INTO works VALUES (370555600, 338343330, 1);
INSERT INTO works VALUES (180977451, 733189347, 20);
INSERT INTO works VALUES (448422673, 733189347, 3);
INSERT INTO works VALUES (333468370, 775967099, 4);
INSERT INTO works VALUES (637687934, 476171779, 16);
INSERT INTO flies VALUES (668038394, 311554096);
INSERT INTO flies VALUES (751648319, 437251238);
INSERT INTO flies VALUES (453088807, 563101056);
INSERT INTO flies VALUES (684108655, 696840041);
INSERT INTO flies VALUES (179223440, 722112250);
INSERT INTO flies VALUES (179223440, 756159110);
INSERT INTO flies VALUES (631060575, 122981805);
INSERT INTO flies VALUES (204428241, 125732117);
INSERT INTO flies VALUES (280876047, 134696844);
INSERT INTO flies VALUES (259817155, 379826618);
INSERT INTO flies VALUES (179223440, 474606055);
INSERT INTO flies VALUES (929414228, 521431640);
INSERT INTO flies VALUES (751164878, 529374350);
INSERT INTO flies VALUES (133844376, 555593154);
INSERT INTO flies VALUES (798724355, 604063911);
INSERT INTO flies VALUES (668038394, 788735997);
INSERT INTO flies VALUES (656038066, 104305742);
INSERT INTO flies VALUES (827921461, 172833202);
INSERT INTO flies VALUES (929414228, 286343609);
INSERT INTO flies VALUES (631060575, 293916006);
INSERT INTO flies VALUES (133844376, 322081448);
INSERT INTO flies VALUES (133844376, 396723370);
INSERT INTO flies VALUES (361543027, 441512719);
INSERT INTO flies VALUES (751164878, 569238758);
INSERT INTO flies VALUES (656038066, 579085737);
INSERT INTO flies VALUES (453088807, 582351236);
INSERT INTO flies VALUES (631060575, 634807890);
INSERT INTO flies VALUES (751648319, 657644882);
INSERT INTO flies VALUES (929414228, 658283583);
INSERT INTO flies VALUES (751164878, 661240733);
INSERT INTO flies VALUES (280876047, 674585357);
INSERT INTO flies VALUES (650589160, 752835930);
INSERT INTO flies VALUES (133844376, 758363207);
INSERT INTO flies VALUES (280876047, 790213924);
INSERT INTO flies VALUES (668038394, 844685885);
INSERT INTO flies VALUES (827921461, 965509317);
INSERT INTO flies VALUES (929414228, 973699309);
INSERT INTO flies VALUES (204428241, 104792513);
INSERT INTO flies VALUES (453088807, 150457672);
INSERT INTO flies VALUES (133844376, 190637102);
INSERT INTO flies VALUES (751164878, 333331955);
INSERT INTO flies VALUES (259817155, 396050790);
INSERT INTO flies VALUES (590915855, 412609639);
INSERT INTO flies VALUES (829774749, 428687246);
INSERT INTO flies VALUES (179223440, 502160820);
INSERT INTO flies VALUES (668038394, 503194264);
INSERT INTO flies VALUES (684108655, 599223933);
INSERT INTO flies VALUES (827921461, 672480243);
INSERT INTO flies VALUES (341170890, 706660067);
INSERT INTO flies VALUES (133844376, 789594010);
INSERT INTO flies VALUES (453088807, 826931066);
INSERT INTO flies VALUES (650589160, 965314065);
INSERT INTO flies VALUES (361543027, 119936645);
INSERT INTO flies VALUES (751648319, 123763776);
INSERT INTO flies VALUES (668038394, 135452705);
INSERT INTO flies VALUES (751648319, 276625965);
INSERT INTO flies VALUES (684108655, 321641067);
INSERT INTO flies VALUES (650589160, 457157505);
INSERT INTO flies VALUES (259817155, 725369719);
INSERT INTO flies VALUES (668038394, 741997138);
INSERT INTO flies VALUES (631060575, 862514933);
INSERT INTO flies VALUES (829774749, 445735387);
INSERT INTO flies VALUES (751164878, 504308655);
INSERT INTO flies VALUES (827921461, 678858653);
INSERT INTO flies VALUES (668038394, 689749836);
INSERT INTO flies VALUES (590915855, 793811509);
INSERT INTO flies VALUES (179223440, 109705452);
INSERT INTO flies VALUES (668038394, 322207036);
INSERT INTO flies VALUES (280876047, 367680976);
INSERT INTO flies VALUES (798724355, 404746032);
INSERT INTO flies VALUES (684108655, 433644436);
INSERT INTO flies VALUES (133844376, 504078780);
INSERT INTO flies VALUES (259817155, 594565564);
INSERT INTO flies VALUES (684108655, 892153651);
INSERT INTO flies VALUES (827921461, 113091036);
INSERT INTO flies VALUES (280876047, 124593174);
INSERT INTO flies VALUES (453088807, 157799545);
INSERT INTO flies VALUES (341170890, 165944983);
INSERT INTO flies VALUES (631060575, 741118619);
INSERT INTO flies VALUES (827921461, 862034603);
INSERT INTO flies VALUES (827921461, 868443271);
INSERT INTO flies VALUES (798724355, 152363337);
INSERT INTO flies VALUES (798724355, 426165324);
INSERT INTO flies VALUES (829774749, 534358742);
INSERT INTO flies VALUES (361543027, 648160403);
INSERT INTO flies VALUES (361543027, 901572059);
INSERT INTO flies VALUES (341170890, 181789940);
INSERT INTO flies VALUES (829774749, 322781233);
INSERT INTO flies VALUES (650589160, 383135055);
INSERT INTO flies VALUES (280876047, 511399416);
INSERT INTO flies VALUES (133844376, 585877260);
INSERT INTO flies VALUES (590915855, 632311749);
INSERT INTO flies VALUES (341170890, 717601564);
INSERT INTO flies VALUES (453088807, 978939139);
INSERT INTO flies VALUES (827921461, 100266945);
INSERT INTO flies VALUES (650589160, 175754529);
INSERT INTO flies VALUES (133844376, 187196352);
INSERT INTO flies VALUES (684108655, 746886106);
INSERT INTO flies VALUES (650589160, 822157421);
INSERT INTO flies VALUES (829774749, 239394343);
INSERT INTO flies VALUES (829774749, 331684578);
INSERT INTO flies VALUES (341170890, 551846609);
INSERT INTO flies VALUES (751164878, 552233702);
INSERT INTO flies VALUES (453088807, 668864655);
INSERT INTO flies VALUES (179223440, 747185303);
INSERT INTO flies VALUES (829774749, 195535220);
INSERT INTO flies VALUES (179223440, 203684755);
INSERT INTO flies VALUES (751164878, 254876469);
INSERT INTO flies VALUES (631060575, 367050131);
INSERT INTO flies VALUES (341170890, 484661180);
INSERT INTO flies VALUES (684108655, 548924961);
INSERT INTO flies VALUES (650589160, 747939582);
INSERT INTO flies VALUES (259817155, 800168400);
INSERT INTO flies VALUES (341170890, 836360355);
INSERT INTO flies VALUES (751648319, 881998269);
INSERT INTO flies VALUES (751648319, 942502419);
INSERT INTO flies VALUES (827921461, 979188599);
INSERT INTO flies VALUES (751648319, 386400893);
INSERT INTO flies VALUES (751164878, 529661099);
INSERT INTO flies VALUES (259817155, 711894210);
INSERT INTO flies VALUES (179223440, 730667235);
INSERT INTO flies VALUES (204428241, 771566726);
INSERT INTO flies VALUES (798724355, 786023939);
INSERT INTO flies VALUES (341170890, 919381672);
INSERT INTO flies VALUES (751648319, 948834805);
INSERT INTO flies VALUES (280876047, 198562392);
INSERT INTO flies VALUES (179223440, 304887678);
INSERT INTO flies VALUES (259817155, 471455921);
INSERT INTO flies VALUES (361543027, 510050984);
INSERT INTO flies VALUES (751164878, 551648538);
INSERT INTO flies VALUES (590915855, 656256903);
INSERT INTO flies VALUES (684108655, 760275928);
INSERT INTO flies VALUES (751164878, 831057138);
INSERT INTO flies VALUES (668038394, 248497739);
INSERT INTO flies VALUES (133844376, 271289514);
INSERT INTO flies VALUES (684108655, 462307093);
INSERT INTO flies VALUES (361543027, 522322746);
INSERT INTO flies VALUES (656038066, 677473986);
INSERT INTO flies VALUES (361543027, 753708961);
INSERT INTO flies VALUES (590915855, 933887007);
INSERT INTO flies VALUES (341170890, 999442666);
INSERT INTO flies VALUES (341170890, 119168371);
INSERT INTO flies VALUES (631060575, 121849113);
INSERT INTO flies VALUES (133844376, 212792649);
INSERT INTO flies VALUES (656038066, 312889680);
INSERT INTO flies VALUES (453088807, 373101218);
INSERT INTO flies VALUES (751164878, 651193929);
INSERT INTO flies VALUES (929414228, 726545370);
INSERT INTO flies VALUES (179223440, 833503908);
INSERT INTO flies VALUES (829774749, 865964166);
INSERT INTO flies VALUES (280876047, 901999909);
INSERT INTO flies VALUES (133844376, 997041738);
INSERT INTO flies VALUES (631060575, 192455213);
INSERT INTO flies VALUES (453088807, 227165965);
INSERT INTO flies VALUES (280876047, 231101100);
INSERT INTO flies VALUES (179223440, 266374802);
INSERT INTO flies VALUES (929414228, 322912495);
INSERT INTO flies VALUES (280876047, 347683134);
INSERT INTO flies VALUES (751164878, 600675137);
INSERT INTO flies VALUES (133844376, 657825345);
INSERT INTO flies VALUES (341170890, 694949513);
INSERT INTO flies VALUES (259817155, 707670980);
INSERT INTO flies VALUES (929414228, 776385721);
INSERT INTO flies VALUES (341170890, 856753316);
INSERT INTO flies VALUES (204428241, 952696288);
INSERT INTO flies VALUES (929414228, 962500243);
INSERT INTO flies VALUES (590915855, 112531270);
INSERT INTO flies VALUES (361543027, 117171726);
INSERT INTO flies VALUES (280876047, 155083454);
INSERT INTO flies VALUES (361543027, 250747938);
INSERT INTO flies VALUES (668038394, 290988447);
INSERT INTO flies VALUES (631060575, 291099993);
INSERT INTO flies VALUES (259817155, 376974345);
INSERT INTO flies VALUES (684108655, 433274927);
INSERT INTO flies VALUES (453088807, 441151590);
INSERT INTO flies VALUES (204428241, 482551465);
INSERT INTO flies VALUES (133844376, 493624815);
INSERT INTO flies VALUES (650589160, 494523128);
INSERT INTO flies VALUES (751648319, 501363196);
INSERT INTO flies VALUES (929414228, 574683585);
INSERT INTO flies VALUES (668038394, 677393102);
INSERT INTO flies VALUES (829774749, 701436821);
INSERT INTO flies VALUES (453088807, 839996300);
INSERT INTO flies VALUES (684108655, 889392182);
INSERT INTO flies VALUES (829774749, 900517046);
INSERT INTO flies VALUES (179223440, 964009131);
INSERT INTO flies VALUES (751164878, 986570229);
INSERT INTO flies VALUES (656038066, 151257956);
INSERT INTO flies VALUES (751648319, 164111289);
INSERT INTO flies VALUES (453088807, 184410687);
INSERT INTO flies VALUES (259817155, 212456164);
INSERT INTO flies VALUES (827921461, 280538264);
INSERT INTO flies VALUES (590915855, 658980194);
INSERT INTO flies VALUES (341170890, 678729001);
INSERT INTO flies VALUES (280876047, 717993891);
INSERT INTO flies VALUES (929414228, 730815339);
INSERT INTO flies VALUES (590915855, 807529020);
INSERT INTO flies VALUES (751648319, 839433140);
INSERT INTO flies VALUES (631060575, 891814333);
INSERT INTO flies VALUES (361543027, 942379025);
INSERT INTO services VALUES (643440353, 193514918, 368590649, 173027828, '2019-8-1', 'engine check');
INSERT INTO services VALUES (940121707, 974859158, 413753203, 231467149, '2019-1-15', 'airplane washing');
INSERT INTO services VALUES (418566235, 164569665, 454916808, 715892504, '2019-8-18', 'airplane washing');
INSERT INTO services VALUES (496521738, 370555600, 164569665, 221210703, '2019-12-11', 'quality control');
INSERT INTO services VALUES (587236904, 648060877, 370555600, 796846063, '2018-6-15', 'quality control');
INSERT INTO services VALUES (685043359, 454916808, 974859158, 221210703, '2019-7-12', 'engine check');
INSERT INTO services VALUES (166855493, 333468370, 368590649, 732740932, '2018-3-4', 'airplane washing');
INSERT INTO services VALUES (423112788, 370555600, 368590649, 134352372, '2018-10-27', 'engine check');
INSERT INTO services VALUES (811655979, 974859158, 164569665, 134352372, '2018-11-27', 'quality control');
INSERT INTO services VALUES (905245348, 621829702, 413753203, 732320972, '2018-7-5', 'engine check');
INSERT INTO services VALUES (953113880, 193514918, 473287624, 732320972, '2019-6-7', 'engine check');
INSERT INTO services VALUES (894281717, 368590649, 164569665, 868269134, '2019-6-7', 'quality control');
INSERT INTO services VALUES (863992636, 164569665, 333468370, 221210703, '2018-8-20', 'engine check');
INSERT INTO services VALUES (600396461, 648060877, 138616236, 231467149, '2019-10-12', 'airplane washing');
INSERT INTO services VALUES (704639869, 924872699, 648060877, 232381977, '2019-7-19', 'airplane cleaning');
INSERT INTO services VALUES (495973715, 836248205, 637687934, 774679403, '2019-7-3', 'engine check');
INSERT INTO services VALUES (365825361, 924872699, 473287624, 344707695, '2019-10-4', 'engine check');
INSERT INTO services VALUES (110473317, 180977451, 974859158, 445533695, '2018-1-11', 'engine check');
INSERT INTO services VALUES (734915660, 924872699, 370555600, 134352372, '2019-2-1', 'engine check');
INSERT INTO services VALUES (257220465, 751666660, 368590649, 732740932, '2019-8-15', 'airplane cleaning');
INSERT INTO services VALUES (871901064, 637687934, 368590649, 774679403, '2018-5-2', 'airplane washing');
INSERT INTO services VALUES (245518477, 924872699, 751666660, 344707695, '2019-1-12', 'quality control');
INSERT INTO services VALUES (492720848, 473287624, 658136685, 134352372, '2019-8-6', 'engine check');
INSERT INTO services VALUES (402025458, 368590649, 138616236, 703147710, '2018-8-18', 'airplane cleaning');
INSERT INTO services VALUES (386319951, 138616236, 413753203, 232381977, '2018-11-9', 'airplane washing');
INSERT INTO services VALUES (398827042, 836248205, 138616236, 796846063, '2019-1-13', 'engine check');
INSERT INTO services VALUES (341902888, 924872699, 658136685, 796846063, '2019-2-16', 'engine check');
INSERT INTO services VALUES (172453778, 454916808, 138616236, 344707695, '2019-8-21', 'quality control');
INSERT INTO services VALUES (811781428, 333468370, 180977451, 236502299, '2019-4-25', 'airplane cleaning');
INSERT INTO services VALUES (382912390, 413753203, 974859158, 134352372, '2019-5-2', 'airplane cleaning');
INSERT INTO services VALUES (583162579, 751666660, 370555600, 796846063, '2019-10-19', 'airplane washing');
INSERT INTO services VALUES (797450554, 448422673, 138616236, 796846063, '2018-7-12', 'airplane cleaning');
INSERT INTO services VALUES (943835276, 648060877, 180977451, 796846063, '2018-9-19', 'quality control');
INSERT INTO services VALUES (540938681, 974859158, 193514918, 344707695, '2019-5-26', 'engine check');
INSERT INTO services VALUES (576961215, 333468370, 473287624, 232381977, '2018-1-16', 'airplane washing');
INSERT INTO services VALUES (386020761, 637687934, 370555600, 703147710, '2019-8-10', 'engine check');
INSERT INTO services VALUES (470700512, 658136685, 370555600, 344707695, '2019-4-2', 'engine check');
INSERT INTO services VALUES (472435855, 751666660, 448422673, 868269134, '2018-1-16', 'engine check');
INSERT INTO services VALUES (134623169, 333468370, 413753203, 236502299, '2018-5-28', 'airplane cleaning');
INSERT INTO services VALUES (446711374, 924872699, 333468370, 732320972, '2019-5-27', 'quality control');
INSERT INTO services VALUES (585368665, 333468370, 370555600, 732320972, '2019-1-11', 'engine check');
INSERT INTO services VALUES (737853803, 924872699, 751666660, 231467149, '2018-10-5', 'airplane washing');
INSERT INTO services VALUES (970874298, 637687934, 239502042, 977525671, '2018-12-28', 'quality control');
INSERT INTO services VALUES (838862422, 180977451, 974859158, 868269134, '2019-4-14', 'airplane washing');
INSERT INTO services VALUES (826322727, 637687934, 164569665, 311506103, '2019-7-17', 'quality control');
INSERT INTO services VALUES (812289821, 751666660, 164569665, 134352372, '2018-11-11', 'quality control');
INSERT INTO services VALUES (781526359, 370555600, 138616236, 715892504, '2019-2-14', 'quality control');
INSERT INTO services VALUES (983413686, 473287624, 164569665, 572943696, '2018-10-2', 'airplane cleaning');
INSERT INTO services VALUES (457838533, 658136685, 239502042, 572943696, '2019-3-15', 'quality control');
INSERT INTO services VALUES (649090054, 974859158, 138616236, 232381977, '2019-7-3', 'airplane washing');
INSERT INTO services VALUES (267385076, 368590649, 648060877, 232381977, '2018-10-26', 'engine check');
INSERT INTO services VALUES (390875511, 974859158, 751666660, 134352372, '2018-2-13', 'quality control');
INSERT INTO services VALUES (456633794, 621829702, 164569665, 134352372, '2019-9-9', 'quality control');
INSERT INTO services VALUES (313492673, 138616236, 180977451, 232381977, '2018-6-26', 'airplane cleaning');
INSERT INTO services VALUES (684149585, 138616236, 448422673, 732320972, '2019-3-19', 'engine check');
INSERT INTO services VALUES (134061667, 413753203, 658136685, 572943696, '2018-4-19', 'airplane cleaning');
INSERT INTO services VALUES (892795441, 180977451, 658136685, 774679403, '2018-8-5', 'quality control');
INSERT INTO services VALUES (805782049, 974859158, 924872699, 311506103, '2018-2-25', 'airplane washing');
INSERT INTO services VALUES (212226066, 473287624, 621829702, 221210703, '2019-1-16', 'quality control');
INSERT INTO services VALUES (538467633, 368590649, 413753203, 311506103, '2018-3-1', 'airplane washing');
INSERT INTO services VALUES (890268911, 658136685, 370555600, 173027828, '2019-4-11', 'airplane cleaning');
INSERT INTO services VALUES (429534628, 924872699, 454916808, 311506103, '2018-3-16', 'airplane washing');
INSERT INTO services VALUES (252736899, 413753203, 924872699, 344707695, '2018-12-8', 'engine check');
INSERT INTO services VALUES (720046051, 370555600, 621829702, 232381977, '2018-9-17', 'airplane washing');
INSERT INTO services VALUES (999827134, 658136685, 138616236, 445533695, '2019-9-5', 'engine check');
INSERT INTO services VALUES (566860426, 621829702, 333468370, 572943696, '2019-10-16', 'airplane washing');
INSERT INTO services VALUES (428497736, 974859158, 368590649, 572943696, '2019-12-26', 'engine check');
INSERT INTO services VALUES (251944685, 370555600, 448422673, 732740932, '2019-2-24', 'quality control');
INSERT INTO services VALUES (511622913, 658136685, 413753203, 732740932, '2019-12-12', 'quality control');
INSERT INTO services VALUES (311156302, 751666660, 413753203, 774679403, '2019-3-17', 'airplane cleaning');
INSERT INTO services VALUES (344777780, 448422673, 413753203, 236502299, '2019-9-3', 'engine check');
INSERT INTO services VALUES (440399444, 138616236, 637687934, 796846063, '2018-7-28', 'airplane cleaning');
INSERT INTO services VALUES (830849255, 368590649, 413753203, 732320972, '2019-1-24', 'airplane washing');
INSERT INTO services VALUES (863872720, 164569665, 180977451, 796846063, '2018-10-6', 'quality control');
INSERT INTO services VALUES (567157496, 448422673, 138616236, 221210703, '2018-2-3', 'airplane cleaning');
INSERT INTO services VALUES (442482618, 658136685, 448422673, 715892504, '2019-5-13', 'quality control');
INSERT INTO services VALUES (444771721, 448422673, 193514918, 715892504, '2019-6-19', 'quality control');
INSERT INTO services VALUES (379231863, 138616236, 413753203, 796846063, '2018-3-24', 'airplane washing');
INSERT INTO services VALUES (320265643, 180977451, 239502042, 445533695, '2019-1-3', 'engine check');
INSERT INTO services VALUES (180234886, 448422673, 164569665, 655601836, '2019-5-26', 'quality control');
INSERT INTO services VALUES (638287343, 924872699, 751666660, 344707695, '2019-9-12', 'airplane cleaning');
INSERT INTO services VALUES (197955964, 368590649, 239502042, 173027828, '2018-2-10', 'airplane cleaning');
INSERT INTO services VALUES (427673145, 751666660, 637687934, 868269134, '2018-5-25', 'airplane cleaning');
INSERT INTO services VALUES (345934637, 836248205, 448422673, 732740932, '2019-2-16', 'quality control');
INSERT INTO services VALUES (452808975, 454916808, 164569665, 231467149, '2018-9-6', 'quality control');
INSERT INTO services VALUES (212086373, 473287624, 751666660, 732740932, '2018-8-16', 'airplane cleaning');
INSERT INTO services VALUES (836919174, 333468370, 368590649, 288854884, '2019-4-18', 'airplane cleaning');
INSERT INTO services VALUES (681611759, 637687934, 193514918, 715892504, '2019-10-19', 'quality control');
INSERT INTO services VALUES (125336102, 621829702, 413753203, 655601836, '2018-9-16', 'quality control');
INSERT INTO services VALUES (101566103, 658136685, 621829702, 311506103, '2019-12-25', 'quality control');
INSERT INTO services VALUES (542110504, 164569665, 448422673, 173027828, '2019-11-26', 'airplane washing');
INSERT INTO services VALUES (710333825, 138616236, 658136685, 288854884, '2018-1-22', 'quality control');
INSERT INTO services VALUES (843028796, 454916808, 164569665, 173027828, '2018-8-21', 'engine check');
INSERT INTO services VALUES (752242986, 333468370, 193514918, 221210703, '2018-11-25', 'quality control');
INSERT INTO services VALUES (836374148, 138616236, 974859158, 311506103, '2018-8-23', 'engine check');
INSERT INTO services VALUES (977084502, 413753203, 164569665, 715892504, '2019-8-27', 'quality control');
INSERT INTO services VALUES (212298760, 138616236, 621829702, 572943696, '2019-6-16', 'quality control');
INSERT INTO services VALUES (525253087, 924872699, 413753203, 732320972, '2019-6-1', 'airplane cleaning');
INSERT INTO services VALUES (813489439, 413753203, 648060877, 715892504, '2019-7-2', 'airplane cleaning');
INSERT INTO services VALUES (674559859, 473287624, 974859158, 774679403, '2018-3-27', 'airplane cleaning');